class,kind,distance,cost,linear_deficit,failing_cuts
1,D,1,1042,386,159
2,D,1,1276,428,160
3,D,1,1744,512,162
4,D,1,99,99,99
5,D,1,99,99,99
6,D,1,134,114,104
7,D,1,134,114,104
8,D,1,141,117,105
9,D,1,148,120,106
10,D,1,148,120,106
11,D,1,148,120,106
12,D,1,155,123,107
13,D,1,155,123,107
14,D,1,147,117,104
15,D,1,106,102,100
16,D,1,106,102,100
17,D,1,106,102,100
18,D,1,181,129,107
19,D,1,113,105,101
20,D,1,113,105,101
21,D,1,120,108,102
22,D,1,120,108,102
23,D,1,120,108,102
24,D,1,120,108,102
25,D,1,127,111,103
26,D,1,293,181,127
27,D,1,293,181,127
28,D,1,319,187,127
29,D,1,312,174,118
30,D,1,377,217,139
31,D,1,371,199,127
32,D,1,364,196,127
33,D,1,343,185,121
34,D,1,394,222,140
35,D,1,433,231,140
36,D,1,437,233,141
37,D,1,405,207,127
38,D,1,445,237,143
39,D,1,464,240,143
40,D,1,159,125,108
41,D,1,159,125,108
42,D,1,159,125,108
43,D,1,166,128,109
44,D,1,166,128,109
45,D,1,173,131,110
46,D,1,172,128,108
47,D,1,180,134,111
48,D,1,187,137,112
49,D,1,179,131,109
50,D,1,194,140,113
51,D,1,193,137,111
52,D,1,458,218,127
53,D,1,222,152,117
54,D,1,206,140,111
55,D,1,583,271,145
56,D,1,138,116,105
57,D,1,145,119,106
58,D,1,591,273,145
59,D,1,184,136,112
60,D,1,198,142,114
61,D,1,197,139,112
62,D,1,212,148,116
63,D,1,212,148,116
64,D,1,211,145,114
65,D,1,883,351,155
66,D,1,240,160,120
67,D,1,239,157,118
68,D,1,238,154,116
69,D,1,265,163,118
70,D,1,216,150,117
71,D,1,229,153,117
72,D,1,229,153,117
73,D,1,244,162,121
74,D,1,243,159,119
75,D,1,257,165,121
76,D,1,256,162,119
77,D,1,255,159,117
78,D,1,285,177,125
79,D,1,283,171,121
80,D,1,356,210,137
81,D,1,314,174,119
82,D,1,289,179,126
83,D,1,302,182,126
84,D,1,281,163,115
85,D,1,373,215,138
86,D,1,367,209,136
87,D,1,367,209,136
88,D,1,423,233,144
89,D,1,419,221,136
90,D,1,449,239,144
91,D,1,466,244,145
92,D,1,436,216,130
93,D,1,500,254,147
94,D,1,498,238,136
95,D,1,538,260,147
96,D,1,595,277,148
97,D,1,622,282,148
98,D,1,604,260,136
99,D,1,887,353,156
100,D,1,232,158,121
101,D,1,274,176,127
102,D,1,288,182,129
103,D,1,272,170,123
104,D,1,288,182,129
105,D,1,246,164,123
106,D,1,305,187,130
107,D,1,333,199,134
108,D,1,331,193,130
109,D,1,350,204,135
110,D,1,376,210,135
111,D,1,406,228,143
112,D,1,469,247,147
113,D,1,512,258,148
114,D,1,555,269,149
115,D,1,641,291,151
116,D,1,706,302,151
117,D,1,899,357,157
118,D,1,680,300,152
119,D,1,766,322,154
120,D,1,938,366,158
121,D,1,896,344,154
122,D,2,197,115,76
123,D,2,203,109,64
124,D,2,237,143,107
125,D,2,185,103,64
126,D,2,228,126,79
127,D,2,234,144,103
128,D,2,258,154,108
129,D,2,210,120,79
130,D,2,223,125,82
131,D,2,223,125,82
132,D,2,247,149,106
133,D,2,259,137,82
134,D,2,265,155,106
135,D,2,287,165,115
136,D,2,278,160,109
137,D,2,280,132,64
138,D,2,304,176,118
139,D,2,318,154,82
140,D,2,334,176,115
141,D,2,304,170,115
142,D,2,371,193,118
143,D,2,396,220,138
144,D,2,437,231,139
145,D,2,394,198,118
146,D,2,400,176,82
147,D,2,583,269,142
148,D,2,214,110,64
149,D,2,187,121,99
150,D,2,148,74,37
151,D,2,166,92,55
152,D,2,172,98,61
153,D,2,172,98,61
154,D,2,172,86,43
155,D,2,212,132,103
156,D,2,154,80,43
157,D,2,244,132,82
158,D,3,192,88,42
159,I,2,186,132,107
160,I,2,176,130,107
161,I,2,214,144,109
162,I,2,188,130,103
163,I,2,199,135,107
164,I,2,217,145,109
165,I,2,172,126,103
166,I,2,182,128,103
167,I,2,182,128,103
168,I,2,230,148,109
169,I,2,256,154,109
170,I,2,344,202,131
171,I,2,175,127,103
172,I,2,175,127,103
173,I,2,232,152,114
174,I,2,232,148,108
175,I,2,222,150,114
176,I,2,235,149,108
177,I,2,276,168,116
178,I,2,348,204,132
179,I,2,277,169,117
180,I,2,262,160,115
181,I,2,280,170,117
182,I,2,349,205,133
183,I,2,223,151,115
184,I,2,223,151,115
185,I,2,243,155,115
186,I,2,365,209,133
187,I,2,284,172,118
188,I,2,366,210,134
189,I,2,362,190,118
190,I,2,278,170,118
191,I,2,278,170,118
192,I,2,370,212,135
193,I,2,41,41,41
194,I,2,41,41,41
195,I,2,43,39,37
196,I,2,43,39,37
197,I,2,43,39,37
198,I,2,47,43,41
199,I,2,47,43,41
200,I,2,47,43,41
201,I,2,47,43,41
202,I,2,49,49,49
203,I,2,49,49,49
204,I,2,49,41,37
205,I,2,49,41,37
206,I,2,429,227,136
207,I,2,55,43,37
208,I,2,55,43,37
209,I,2,55,51,49
210,I,2,55,51,49
211,I,2,55,51,49
212,I,2,55,51,49
213,I,2,59,47,41
214,I,2,59,47,41
215,I,2,59,55,53
216,I,2,65,57,53
217,I,2,67,55,49
218,I,2,67,55,49
219,I,2,76,64,58
220,I,2,76,54,43
221,I,2,76,64,58
222,I,2,76,64,58
223,I,2,76,64,58
224,I,2,76,64,58
225,I,2,78,70,66
226,I,2,78,70,66
227,I,2,78,70,66
228,I,2,78,70,66
229,I,2,82,66,58
230,I,2,82,56,43
231,I,2,75,63,59
232,I,2,85,73,67
233,I,2,85,73,67
234,I,2,85,73,67
235,I,2,85,73,67
236,I,2,85,73,67
237,I,2,85,63,52
238,I,2,85,63,52
239,I,2,85,73,67
240,I,2,91,75,67
241,I,2,83,71,67
242,I,2,90,68,57
243,I,2,90,70,60
244,I,2,90,68,57
245,I,2,90,68,57
246,I,2,92,76,68
247,I,2,92,66,53
248,I,2,96,88,84
249,I,2,97,71,58
250,I,2,97,61,43
251,I,2,97,89,85
252,I,2,97,61,43
253,I,2,99,79,69
254,I,2,99,79,69
255,I,2,99,69,54
256,I,2,103,91,85
257,I,2,104,92,86
258,I,2,104,74,59
259,I,2,104,92,86
260,I,2,102,72,59
261,I,2,103,73,60
262,I,2,113,85,71
263,I,2,118,80,61
264,I,2,118,98,88
265,I,2,118,98,88
266,I,2,112,82,69
267,I,2,48,44,42
268,I,2,50,50,50
269,I,2,50,50,50
270,I,2,50,50,50
271,I,2,50,50,50
272,I,2,50,50,50
273,I,2,430,228,137
274,I,2,125,101,89
275,I,2,54,54,54
276,I,2,54,46,42
277,I,2,54,54,54
278,I,2,54,54,54
279,I,2,54,46,42
280,I,2,56,52,50
281,I,2,56,52,50
282,I,2,56,52,50
283,I,2,124,80,60
284,I,2,62,54,50
285,I,2,62,54,50
286,I,2,66,58,54
287,I,2,131,101,88
288,I,2,139,107,91
289,I,2,165,113,91
290,I,2,382,218,138
291,I,2,55,47,43
292,I,2,55,55,55
293,I,2,55,55,55
294,I,2,55,47,43
295,I,2,55,55,55
296,I,2,57,53,51
297,I,2,57,53,51
298,I,2,57,53,51
299,I,2,57,53,51
300,I,2,57,53,51
301,I,2,57,53,51
302,I,2,57,53,51
303,I,2,57,53,51
304,I,2,57,53,51
305,I,2,57,53,51
306,I,2,57,53,51
307,I,2,61,57,55
308,I,2,61,57,55
309,I,2,61,57,55
310,I,2,61,57,55
311,I,2,61,57,55
312,I,2,61,49,43
313,I,2,61,49,43
314,I,2,61,57,55
315,I,2,61,49,43
316,I,2,63,55,51
317,I,2,63,55,51
318,I,2,63,55,51
319,I,2,63,55,51
320,I,2,69,57,51
321,I,2,69,57,51
322,I,2,69,65,63
323,I,2,69,65,63
324,I,2,73,53,43
325,I,2,79,55,43
326,I,2,432,230,139
327,I,2,62,58,56
328,I,2,62,58,56
329,I,2,62,58,56
330,I,2,62,58,56
331,I,2,64,56,52
332,I,2,64,56,52
333,I,2,64,56,52
334,I,2,64,56,52
335,I,2,64,56,52
336,I,2,64,56,52
337,I,2,68,60,56
338,I,2,68,60,56
339,I,2,68,60,56
340,I,2,68,60,56
341,I,2,70,48,37
342,I,2,70,66,64
343,I,2,70,58,52
344,I,2,69,61,57
345,I,2,69,61,57
346,I,2,71,67,65
347,I,2,71,67,65
348,I,2,71,67,65
349,I,2,71,67,65
350,I,2,71,59,53
351,I,2,71,59,53
352,I,2,71,59,53
353,I,2,71,59,53
354,I,2,71,67,65
355,I,2,75,63,57
356,I,2,75,63,57
357,I,2,75,63,57
358,I,2,75,63,57
359,I,2,75,63,57
360,I,2,75,63,57
361,I,2,75,53,42
362,I,2,77,69,65
363,I,2,77,61,53
364,I,2,77,69,65
365,I,2,580,268,142
366,I,2,98,78,68
367,I,2,66,62,60
368,I,2,72,64,60
369,I,2,74,70,68
370,I,2,74,70,68
371,I,2,74,70,68
372,I,2,80,72,68
373,I,2,80,72,68
374,I,2,84,68,60
375,I,2,90,70,60
376,I,2,92,76,68
377,I,2,92,76,68
378,I,2,103,83,73
379,I,2,107,95,89
380,I,2,107,77,62
381,I,2,119,99,89
382,I,2,110,86,74
383,I,2,110,84,71
384,I,2,114,98,90
385,I,2,116,88,74
386,I,2,116,88,74
387,I,2,107,77,64
388,I,2,107,77,64
389,I,2,115,79,61
390,I,2,117,87,72
391,I,2,117,87,72
392,I,2,122,102,92
393,I,2,122,100,89
394,I,2,122,82,62
395,I,2,122,102,92
396,I,2,124,92,76
397,I,2,128,104,92
398,I,2,122,88,73
399,I,2,130,94,76
400,I,2,129,105,93
401,I,2,131,93,74
402,I,2,135,107,93
403,I,2,136,108,94
404,I,2,136,88,64
405,I,2,134,86,64
406,I,2,135,105,92
407,I,2,143,111,95
408,I,2,142,108,93
409,I,2,144,96,74
410,I,2,75,71,69
411,I,2,79,67,61
412,I,2,79,67,61
413,I,2,149,91,64
414,I,2,149,91,64
415,I,2,87,75,69
416,I,2,87,75,69
417,I,2,158,102,76
418,I,2,97,73,61
419,I,2,169,117,95
420,I,2,192,132,102
421,I,2,80,68,62
422,I,2,80,68,62
423,I,2,82,74,70
424,I,2,82,74,70
425,I,2,82,74,70
426,I,2,82,74,70
427,I,2,86,70,62
428,I,2,86,70,62
429,I,2,88,76,70
430,I,2,88,76,70
431,I,2,94,78,70
432,I,2,94,78,70
433,I,2,98,74,62
434,I,2,89,77,71
435,I,2,89,77,71
436,I,2,95,79,71
437,I,2,101,81,71
438,I,2,101,81,71
439,I,2,110,94,88
440,I,2,94,74,64
441,I,2,94,72,61
442,I,2,96,80,72
443,I,2,96,80,72
444,I,2,96,80,72
445,I,2,88,76,72
446,I,2,96,80,72
447,I,2,96,80,72
448,I,2,100,74,61
449,I,2,92,72,64
450,I,2,100,92,88
451,I,2,102,82,72
452,I,2,102,82,72
453,I,2,94,78,72
454,I,2,102,82,72
455,I,2,102,82,72
456,I,2,100,80,72
457,I,2,100,80,72
458,I,2,882,350,154
459,I,2,117,89,75
460,I,2,117,89,75
461,I,2,129,93,75
462,I,2,129,93,75
463,I,2,93,81,75
464,I,2,105,85,75
465,I,2,105,85,75
466,I,2,126,104,93
467,I,2,126,104,93
468,I,2,134,96,77
469,I,2,132,94,77
470,I,2,132,94,77
471,I,2,136,106,93
472,I,2,144,110,93
473,I,2,135,95,75
474,I,2,135,95,75
475,I,2,139,111,97
476,I,2,140,110,95
477,I,2,146,112,95
478,I,2,138,108,95
479,I,2,147,111,93
480,I,2,147,113,96
481,I,2,149,101,77
482,I,2,153,117,99
483,I,2,153,117,99
484,I,2,152,114,97
485,I,2,167,121,98
486,I,2,161,105,79
487,I,2,122,100,89
488,I,2,160,116,96
489,I,2,168,122,99
490,I,2,162,104,77
491,I,2,176,110,79
492,I,2,195,135,105
493,I,2,179,123,99
494,I,2,196,134,103
495,I,2,210,140,105
496,I,2,209,137,103
497,I,2,121,101,93
498,I,2,129,93,77
499,I,2,107,87,77
500,I,2,107,87,77
501,I,2,111,99,93
502,I,2,105,85,77
503,I,2,105,85,77
504,I,2,119,91,77
505,I,2,119,91,77
506,I,2,123,101,90
507,I,2,120,90,75
508,I,2,121,93,79
509,I,2,125,103,92
510,I,2,125,103,92
511,I,2,133,97,79
512,I,2,133,97,79
513,I,2,137,109,95
514,I,2,134,98,82
515,I,2,134,98,82
516,I,2,148,104,82
517,I,2,130,94,82
518,I,2,130,94,82
519,I,2,158,106,82
520,I,2,146,110,98
521,I,2,116,104,98
522,I,2,110,90,82
523,I,2,124,96,82
524,I,2,126,106,98
525,I,2,126,106,98
526,I,2,169,123,100
527,I,2,151,115,97
528,I,2,164,108,82
529,I,2,164,108,82
530,I,2,171,125,102
531,I,2,171,125,102
532,I,2,196,136,106
533,I,2,172,124,100
534,I,2,164,122,103
535,I,2,184,128,102
536,I,2,177,125,103
537,I,2,194,118,82
538,I,2,213,143,108
539,I,2,214,142,106
540,I,2,212,140,106
541,I,2,220,124,82
542,I,2,253,151,106
543,I,2,148,114,97
544,I,2,340,200,130
545,I,2,160,118,99
546,I,2,150,116,99
547,I,3,51,29,18
548,I,3,51,43,39
549,I,3,51,51,51
550,I,3,51,43,39
551,I,3,53,45,41
552,I,3,53,45,41
553,I,3,53,49,47
554,I,3,53,49,47
555,I,3,57,45,39
556,I,3,58,54,52
557,I,3,58,46,40
558,I,3,58,50,46
559,I,3,58,46,40
560,I,3,58,54,52
561,I,3,58,54,52
562,I,3,58,54,52
563,I,3,60,48,42
564,I,3,60,48,42
565,I,3,60,52,48
566,I,3,60,52,48
567,I,3,65,57,53
568,I,3,65,43,32
569,I,3,67,55,49
570,I,3,72,60,54
571,I,3,72,60,54
572,I,3,72,50,39
573,I,3,72,56,48
574,I,3,72,36,18
575,I,3,72,60,54
576,I,3,72,50,39
577,I,3,72,52,42
578,I,3,72,50,39
579,I,3,74,58,50
580,I,3,66,54,50
581,I,3,70,58,54
582,I,3,78,78,78
583,I,3,86,82,80
584,I,3,93,85,81
585,I,3,85,55,42
586,I,3,23,23,23
587,I,3,23,23,23
588,I,3,23,23,23
589,I,3,23,23,23
590,I,3,23,23,23
591,I,3,23,23,23
592,I,3,25,25,25
593,I,3,25,25,25
594,I,3,25,25,25
595,I,3,25,25,25
596,I,3,25,25,25
597,I,3,25,25,25
598,I,3,25,25,25
599,I,3,25,25,25
600,I,3,25,25,25
601,I,3,25,25,25
602,I,3,25,25,25
603,I,3,25,21,19
604,I,3,25,21,19
605,I,3,25,21,19
606,I,3,100,72,58
607,I,3,29,29,29
608,I,3,29,29,29
609,I,3,29,29,29
610,I,3,29,29,29
611,I,3,29,25,23
612,I,3,29,25,23
613,I,3,31,27,25
614,I,3,31,31,31
615,I,3,31,31,31
616,I,3,31,31,31
617,I,3,31,31,31
618,I,3,31,31,31
619,I,3,37,33,31
620,I,3,37,33,31
621,I,3,99,69,56
622,I,3,106,62,42
623,I,3,30,30,30
624,I,3,30,30,30
625,I,3,30,30,30
626,I,3,30,26,24
627,I,3,30,26,24
628,I,3,30,30,30
629,I,3,30,22,18
630,I,3,30,30,30
631,I,3,30,30,30
632,I,3,30,30,30
633,I,3,30,22,18
634,I,3,30,30,30
635,I,3,30,30,30
636,I,3,30,30,30
637,I,3,32,32,32
638,I,3,32,32,32
639,I,3,32,32,32
640,I,3,32,32,32
641,I,3,32,32,32
642,I,3,32,32,32
643,I,3,32,32,32
644,I,3,32,32,32
645,I,3,32,32,32
646,I,3,32,32,32
647,I,3,32,32,32
648,I,3,32,28,26
649,I,3,32,32,32
650,I,3,32,32,32
651,I,3,32,28,26
652,I,3,32,32,32
653,I,3,32,32,32
654,I,3,32,32,32
655,I,3,32,32,32
656,I,3,32,28,26
657,I,3,32,28,26
658,I,3,32,28,26
659,I,3,32,32,32
660,I,3,32,32,32
661,I,3,32,32,32
662,I,3,32,32,32
663,I,3,36,32,30
664,I,3,36,32,30
665,I,3,36,32,30
666,I,3,36,36,36
667,I,3,36,36,36
668,I,3,36,36,36
669,I,3,36,36,36
670,I,3,36,36,36
671,I,3,36,36,36
672,I,3,36,36,36
673,I,3,36,36,36
674,I,3,36,32,30
675,I,3,36,32,30
676,I,3,36,32,30
677,I,3,38,30,26
678,I,3,38,34,32
679,I,3,38,34,32
680,I,3,38,34,32
681,I,3,38,34,32
682,I,3,38,34,32
683,I,3,48,40,36
684,I,3,37,37,37
685,I,3,37,33,31
686,I,3,37,37,37
687,I,3,37,37,37
688,I,3,37,37,37
689,I,3,37,37,37
690,I,3,37,33,31
691,I,3,37,37,37
692,I,3,37,37,37
693,I,3,39,35,33
694,I,3,39,39,39
695,I,3,39,39,39
696,I,3,39,39,39
697,I,3,39,35,33
698,I,3,39,39,39
699,I,3,39,35,33
700,I,3,39,35,33
701,I,3,39,35,33
702,I,3,39,35,33
703,I,3,39,39,39
704,I,3,39,35,33
705,I,3,39,35,33
706,I,3,39,35,33
707,I,3,43,39,37
708,I,3,43,39,37
709,I,3,43,39,37
710,I,3,43,35,31
711,I,3,45,45,45
712,I,3,44,36,32
713,I,3,44,40,38
714,I,3,44,40,38
715,I,3,44,40,38
716,I,3,44,44,44
717,I,3,44,40,38
718,I,3,44,22,11
719,I,3,44,40,38
720,I,3,44,40,38
721,I,3,44,40,38
722,I,3,44,40,38
723,I,3,44,40,38
724,I,3,46,46,46
725,I,3,46,46,46
726,I,3,46,42,40
727,I,3,46,42,40
728,I,3,46,38,34
729,I,3,46,42,40
730,I,3,46,42,40
731,I,3,46,46,46
732,I,3,46,42,40
733,I,3,46,38,34
734,I,3,46,42,40
735,I,3,46,46,46
736,I,3,46,42,40
737,I,3,50,42,38
738,I,3,50,42,38
739,I,3,50,42,38
740,I,3,52,40,34
741,I,4,16,16,16
742,I,4,16,16,16
743,I,4,16,16,16
744,I,4,16,16,16
745,I,4,16,16,16
746,I,4,16,12,10
747,I,4,16,12,10
748,I,4,16,16,16
749,I,4,16,8,4
750,I,4,16,16,16
751,I,4,18,14,12
752,I,4,18,18,18
753,I,4,18,14,12
754,I,4,18,14,12
755,I,4,18,18,18
756,I,4,18,18,18
757,I,4,18,18,18
758,I,4,18,18,18
759,I,4,18,18,18
760,I,4,18,18,18
761,I,4,18,18,18
762,I,4,18,18,18
763,I,4,18,18,18
764,I,4,18,18,18
765,I,4,18,18,18
766,I,4,18,18,18
767,I,4,18,18,18
768,I,4,18,18,18
769,I,4,18,18,18
770,I,4,18,18,18
771,I,4,18,18,18
772,I,4,18,18,18
773,I,4,18,14,12
774,I,4,22,18,16
775,I,4,22,18,16
776,I,4,22,18,16
777,I,4,22,22,22
778,I,4,22,22,22
779,I,4,22,22,22
780,I,4,22,22,22
781,I,4,22,22,22
782,I,4,22,22,22
783,I,4,22,22,22
784,I,4,22,22,22
785,I,4,22,22,22
786,I,4,22,22,22
787,I,4,24,24,24
788,I,4,24,24,24
789,I,4,24,20,18
790,I,4,24,16,12
791,I,4,24,12,6
792,I,4,24,24,24
793,I,4,24,20,18
794,I,4,24,20,18
795,I,4,24,20,18
796,I,4,24,24,24
797,I,4,24,24,24
798,I,4,24,24,24
799,I,4,30,30,30
800,I,4,30,30,30
801,I,4,30,30,30
802,I,4,30,30,30
803,I,4,30,18,12
804,I,4,30,18,12
805,I,4,30,26,24
806,I,4,30,30,30
807,I,4,30,30,30
808,I,4,30,26,24
809,I,4,30,30,30
810,I,4,30,30,30
811,I,4,34,34,34
812,I,4,34,34,34
813,I,4,34,22,16
814,I,4,40,36,34
815,I,4,42,42,42
816,I,4,42,42,42
817,I,4,48,24,12
