mask,size,rank,deficit
1,1,1,0
2,1,1,0
3,2,2,0
4,1,1,0
5,2,2,0
6,2,2,0
7,3,3,0
8,1,1,0
9,2,2,0
10,2,2,0
11,3,3,0
12,2,2,0
13,3,3,0
14,3,3,0
15,4,3,1
16,1,1,0
17,2,2,0
18,2,2,0
19,3,3,0
20,2,2,0
21,3,3,0
22,3,3,0
23,4,4,0
24,2,2,0
25,3,3,0
26,3,3,0
27,4,4,0
28,3,3,0
29,4,4,0
30,4,4,0
32,1,1,0
33,2,2,0
34,2,2,0
35,3,3,0
36,2,2,0
37,3,3,0
38,3,3,0
39,4,4,0
40,2,2,0
41,3,3,0
42,3,3,0
43,4,4,0
44,3,3,0
45,4,4,0
46,4,4,0
48,2,2,0
49,3,3,0
50,3,3,0
51,4,4,0
52,3,3,0
53,4,4,0
54,4,2,2
56,3,3,0
57,4,3,1
58,4,4,0
60,4,4,0
64,1,1,0
65,2,2,0
66,2,2,0
67,3,3,0
68,2,2,0
69,3,3,0
70,3,3,0
71,4,3,1
72,2,2,0
73,3,3,0
74,3,3,0
75,4,4,0
76,3,3,0
77,4,4,0
78,4,3,1
80,2,2,0
81,3,3,0
82,3,3,0
83,4,4,0
84,3,3,0
85,4,4,0
86,4,4,0
88,3,3,0
89,4,4,0
90,4,3,1
92,4,3,1
96,2,2,0
97,3,3,0
98,3,3,0
99,4,4,0
100,3,3,0
101,4,4,0
102,4,4,0
104,3,3,0
105,4,4,0
106,4,3,1
108,4,3,1
112,3,3,0
113,4,3,1
114,4,4,0
116,4,4,0
120,4,3,1
128,1,1,0
129,2,2,0
130,2,2,0
131,3,3,0
132,2,2,0
133,3,3,0
134,3,3,0
135,4,3,1
136,2,2,0
137,3,3,0
138,3,3,0
139,4,4,0
140,3,3,0
141,4,4,0
142,4,3,1
144,2,2,0
145,3,3,0
146,3,3,0
147,4,3,1
148,3,3,0
149,4,3,1
150,4,4,0
152,3,3,0
153,4,4,0
154,4,4,0
156,4,4,0
160,2,2,0
161,3,3,0
162,3,3,0
163,4,3,1
164,3,3,0
165,4,3,1
166,4,4,0
168,3,3,0
169,4,4,0
170,4,4,0
172,4,4,0
176,3,3,0
177,4,3,1
178,4,4,0
180,4,4,0
184,4,3,1
192,2,2,0
193,3,3,0
194,3,3,0
195,4,4,0
196,3,3,0
197,4,4,0
198,4,3,1
200,3,3,0
201,4,2,2
202,4,4,0
204,4,4,0
208,3,3,0
209,4,4,0
210,4,4,0
212,4,4,0
216,4,4,0
224,3,3,0
225,4,4,0
226,4,4,0
228,4,4,0
232,4,4,0
240,4,3,1
