N,d,k,subset,mask,sector_ranks,entropy_bits,max_entropy_bits,deficit_bits,passing
7,2,1,1,1,1,1.0,1.0,0.0,True
7,2,1,2,2,1,1.0,1.0,0.0,True
7,2,1,3,4,1,1.0,1.0,0.0,True
7,2,1,4,8,1,1.0,1.0,0.0,True
7,2,1,5,16,1,1.0,1.0,0.0,True
7,2,1,6,32,1,1.0,1.0,0.0,True
7,2,1,7,64,1,1.0,1.0,0.0,True
7,2,2,12,3,2,2.0,2.0,0.0,True
7,2,2,13,5,2,2.0,2.0,0.0,True
7,2,2,14,9,2,2.0,2.0,0.0,True
7,2,2,15,17,2,2.0,2.0,0.0,True
7,2,2,16,33,2,2.0,2.0,0.0,True
7,2,2,17,65,2,2.0,2.0,0.0,True
7,2,2,23,6,2,2.0,2.0,0.0,True
7,2,2,24,10,2,2.0,2.0,0.0,True
7,2,2,25,18,2,2.0,2.0,0.0,True
7,2,2,26,34,2,2.0,2.0,0.0,True
7,2,2,27,66,2,2.0,2.0,0.0,True
7,2,2,34,12,2,2.0,2.0,0.0,True
7,2,2,35,20,2,2.0,2.0,0.0,True
7,2,2,36,36,2,2.0,2.0,0.0,True
7,2,2,37,68,2,2.0,2.0,0.0,True
7,2,2,45,24,2,2.0,2.0,0.0,True
7,2,2,46,40,2,2.0,2.0,0.0,True
7,2,2,47,72,2,2.0,2.0,0.0,True
7,2,2,56,48,2,2.0,2.0,0.0,True
7,2,2,57,80,2,2.0,2.0,0.0,True
7,2,2,67,96,2,2.0,2.0,0.0,True
7,2,3,123,7,3,3.0,3.0,0.0,True
7,2,3,124,11,3,3.0,3.0,0.0,True
7,2,3,125,19,3,3.0,3.0,0.0,True
7,2,3,126,35,3,3.0,3.0,0.0,True
7,2,3,127,67,3,3.0,3.0,0.0,True
7,2,3,134,13,3,3.0,3.0,0.0,True
7,2,3,135,21,3,3.0,3.0,0.0,True
7,2,3,136,37,3,3.0,3.0,0.0,True
7,2,3,137,69,3,3.0,3.0,0.0,True
7,2,3,145,25,3,3.0,3.0,0.0,True
7,2,3,146,41,3,3.0,3.0,0.0,True
7,2,3,147,73,3,3.0,3.0,0.0,True
7,2,3,156,49,3,3.0,3.0,0.0,True
7,2,3,157,81,3,3.0,3.0,0.0,True
7,2,3,167,97,2,2.0,3.0,1.0,False
7,2,3,234,14,3,3.0,3.0,0.0,True
7,2,3,235,22,3,3.0,3.0,0.0,True
7,2,3,236,38,2,2.0,3.0,1.0,False
7,2,3,237,70,3,3.0,3.0,0.0,True
7,2,3,245,26,3,3.0,3.0,0.0,True
7,2,3,246,42,3,3.0,3.0,0.0,True
7,2,3,247,74,3,3.0,3.0,0.0,True
7,2,3,256,50,3,3.0,3.0,0.0,True
7,2,3,257,82,3,3.0,3.0,0.0,True
7,2,3,267,98,3,3.0,3.0,0.0,True
7,2,3,345,28,3,3.0,3.0,0.0,True
7,2,3,346,44,3,3.0,3.0,0.0,True
7,2,3,347,76,3,3.0,3.0,0.0,True
7,2,3,356,52,3,3.0,3.0,0.0,True
7,2,3,357,84,3,3.0,3.0,0.0,True
7,2,3,367,100,3,3.0,3.0,0.0,True
7,2,3,456,56,2,2.0,3.0,1.0,False
7,2,3,457,88,3,3.0,3.0,0.0,True
7,2,3,467,104,3,3.0,3.0,0.0,True
7,2,3,567,112,3,3.0,3.0,0.0,True
4,6,1,1,1,1+1,2.584962500721156,2.584962500721156,0.0,True
4,6,1,2,2,1+1,2.584962500721156,2.584962500721156,0.0,True
4,6,1,3,4,1+1,2.584962500721156,2.584962500721156,0.0,True
4,6,1,4,8,1+1,2.584962500721156,2.584962500721156,0.0,True
4,6,2,12,3,2+2,5.169925001442312,5.169925001442312,0.0,True
4,6,2,13,5,2+2,5.169925001442312,5.169925001442312,0.0,True
4,6,2,14,9,1+2,4.169925001442312,5.169925001442312,1.0,False
4,6,2,23,6,1+2,4.169925001442312,5.169925001442312,1.0,False
4,6,2,24,10,2+2,5.169925001442312,5.169925001442312,0.0,True
4,6,2,34,12,2+2,5.169925001442312,5.169925001442312,0.0,True
