case,cut,k,mask,rank_sum,max_rank_sum,entropy_nats,entropy_bits,max_entropy_bits,cost
"8,6",0,1,1,2,2,1.791759469228055,2.5849625007211561,2.5849625007211561,0
"8,6",1,1,2,2,2,1.791759469228055,2.5849625007211561,2.5849625007211561,0
"8,6",2,1,4,2,2,1.791759469228055,2.5849625007211561,2.5849625007211561,0
"8,6",3,1,8,2,2,1.791759469228055,2.5849625007211561,2.5849625007211561,0
"8,6",4,1,16,2,2,1.791759469228055,2.5849625007211561,2.5849625007211561,0
"8,6",5,1,32,2,2,1.791759469228055,2.5849625007211561,2.5849625007211561,0
"8,6",6,1,64,2,2,1.791759469228055,2.5849625007211561,2.5849625007211561,0
"8,6",7,1,128,2,2,1.791759469228055,2.5849625007211561,2.5849625007211561,0
"8,6",8,2,3,4,4,3.5835189384561099,5.1699250014423122,5.1699250014423122,0
"8,6",9,2,5,4,4,3.5835189384561099,5.1699250014423122,5.1699250014423122,0
"8,6",10,2,9,4,4,3.5835189384561099,5.1699250014423122,5.1699250014423122,0
"8,6",11,2,17,4,4,3.5835189384561099,5.1699250014423122,5.1699250014423122,0
"8,6",12,2,33,4,4,3.5835189384561099,5.1699250014423122,5.1699250014423122,0
"8,6",13,2,65,4,4,3.5835189384561099,5.1699250014423122,5.1699250014423122,0
"8,6",14,2,129,4,4,3.5835189384561099,5.1699250014423122,5.1699250014423122,0
"8,6",15,2,6,4,4,3.5835189384561099,5.1699250014423122,5.1699250014423122,0
"8,6",16,2,10,4,4,3.5835189384561099,5.1699250014423122,5.1699250014423122,0
"8,6",17,2,18,4,4,3.5835189384561099,5.1699250014423122,5.1699250014423122,0
"8,6",18,2,34,4,4,3.5835189384561099,5.1699250014423122,5.1699250014423122,0
"8,6",19,2,66,4,4,3.5835189384561099,5.1699250014423122,5.1699250014423122,0
"8,6",20,2,130,4,4,3.5835189384561099,5.1699250014423122,5.1699250014423122,0
"8,6",21,2,12,4,4,3.5835189384561099,5.1699250014423122,5.1699250014423122,0
"8,6",22,2,20,4,4,3.5835189384561099,5.1699250014423122,5.1699250014423122,0
"8,6",23,2,36,4,4,3.5835189384561099,5.1699250014423122,5.1699250014423122,0
"8,6",24,2,68,4,4,3.5835189384561099,5.1699250014423122,5.1699250014423122,0
"8,6",25,2,132,4,4,3.5835189384561099,5.1699250014423122,5.1699250014423122,0
"8,6",26,2,24,4,4,3.5835189384561099,5.1699250014423122,5.1699250014423122,0
"8,6",27,2,40,4,4,3.5835189384561099,5.1699250014423122,5.1699250014423122,0
"8,6",28,2,72,4,4,3.5835189384561099,5.1699250014423122,5.1699250014423122,0
"8,6",29,2,136,4,4,3.5835189384561099,5.1699250014423122,5.1699250014423122,0
"8,6",30,2,48,4,4,3.5835189384561099,5.1699250014423122,5.1699250014423122,0
"8,6",31,2,80,4,4,3.5835189384561099,5.1699250014423122,5.1699250014423122,0
"8,6",32,2,144,4,4,3.5835189384561099,5.1699250014423122,5.1699250014423122,0
"8,6",33,2,96,4,4,3.5835189384561099,5.1699250014423122,5.1699250014423122,0
"8,6",34,2,160,4,4,3.5835189384561099,5.1699250014423122,5.1699250014423122,0
"8,6",35,2,192,4,4,3.5835189384561099,5.1699250014423122,5.1699250014423122,0
"8,6",36,3,7,6,6,5.3752784076841653,7.7548875021634691,7.7548875021634682,0
"8,6",37,3,11,6,6,5.3752784076841653,7.7548875021634691,7.7548875021634682,0
"8,6",38,3,19,6,6,5.3752784076841653,7.7548875021634691,7.7548875021634682,0
"8,6",39,3,35,6,6,5.3752784076841653,7.7548875021634691,7.7548875021634682,0
"8,6",40,3,67,6,6,5.3752784076841653,7.7548875021634691,7.7548875021634682,0
"8,6",41,3,131,6,6,5.3752784076841653,7.7548875021634691,7.7548875021634682,0
"8,6",42,3,13,6,6,5.3752784076841653,7.7548875021634691,7.7548875021634682,0
"8,6",43,3,21,6,6,5.3752784076841653,7.7548875021634691,7.7548875021634682,0
"8,6",44,3,37,6,6,5.3752784076841653,7.7548875021634691,7.7548875021634682,0
"8,6",45,3,69,6,6,5.3752784076841653,7.7548875021634691,7.7548875021634682,0
"8,6",46,3,133,6,6,5.3752784076841653,7.7548875021634691,7.7548875021634682,0
"8,6",47,3,25,6,6,5.3752784076841653,7.7548875021634691,7.7548875021634682,0
"8,6",48,3,41,6,6,5.3752784076841653,7.7548875021634691,7.7548875021634682,0
"8,6",49,3,73,6,6,5.3752784076841653,7.7548875021634691,7.7548875021634682,0
"8,6",50,3,137,6,6,5.3752784076841653,7.7548875021634691,7.7548875021634682,0
"8,6",51,3,49,6,6,5.3752784076841653,7.7548875021634691,7.7548875021634682,0
"8,6",52,3,81,6,6,5.3752784076841653,7.7548875021634691,7.7548875021634682,0
"8,6",53,3,145,6,6,5.3752784076841653,7.7548875021634691,7.7548875021634682,0
"8,6",54,3,97,6,6,5.3752784076841653,7.7548875021634691,7.7548875021634682,0
"8,6",55,3,161,6,6,5.3752784076841653,7.7548875021634691,7.7548875021634682,0
"8,6",56,3,193,6,6,5.3752784076841653,7.7548875021634691,7.7548875021634682,0
"8,6",57,3,14,6,6,5.3752784076841653,7.7548875021634691,7.7548875021634682,0
"8,6",58,3,22,6,6,5.3752784076841653,7.7548875021634691,7.7548875021634682,0
"8,6",59,3,38,6,6,5.3752784076841653,7.7548875021634691,7.7548875021634682,0
"8,6",60,3,70,6,6,5.3752784076841653,7.7548875021634691,7.7548875021634682,0
"8,6",61,3,134,6,6,5.3752784076841653,7.7548875021634691,7.7548875021634682,0
"8,6",62,3,26,6,6,5.3752784076841653,7.7548875021634691,7.7548875021634682,0
"8,6",63,3,42,6,6,5.3752784076841653,7.7548875021634691,7.7548875021634682,0
"8,6",64,3,74,6,6,5.3752784076841653,7.7548875021634691,7.7548875021634682,0
"8,6",65,3,138,6,6,5.3752784076841653,7.7548875021634691,7.7548875021634682,0
"8,6",66,3,50,6,6,5.3752784076841653,7.7548875021634691,7.7548875021634682,0
"8,6",67,3,82,6,6,5.3752784076841653,7.7548875021634691,7.7548875021634682,0
"8,6",68,3,146,6,6,5.3752784076841653,7.7548875021634691,7.7548875021634682,0
"8,6",69,3,98,6,6,5.3752784076841653,7.7548875021634691,7.7548875021634682,0
"8,6",70,3,162,6,6,5.3752784076841653,7.7548875021634691,7.7548875021634682,0
"8,6",71,3,194,6,6,5.3752784076841653,7.7548875021634691,7.7548875021634682,0
"8,6",72,3,28,6,6,5.3752784076841653,7.7548875021634691,7.7548875021634682,0
"8,6",73,3,44,6,6,5.3752784076841653,7.7548875021634691,7.7548875021634682,0
"8,6",74,3,76,6,6,5.3752784076841653,7.7548875021634691,7.7548875021634682,0
"8,6",75,3,140,6,6,5.3752784076841653,7.7548875021634691,7.7548875021634682,0
"8,6",76,3,52,6,6,5.3752784076841653,7.7548875021634691,7.7548875021634682,0
"8,6",77,3,84,6,6,5.3752784076841653,7.7548875021634691,7.7548875021634682,0
"8,6",78,3,148,6,6,5.3752784076841653,7.7548875021634691,7.7548875021634682,0
"8,6",79,3,100,6,6,5.3752784076841653,7.7548875021634691,7.7548875021634682,0
"8,6",80,3,164,6,6,5.3752784076841653,7.7548875021634691,7.7548875021634682,0
"8,6",81,3,196,6,6,5.3752784076841653,7.7548875021634691,7.7548875021634682,0
"8,6",82,3,56,6,6,5.3752784076841653,7.7548875021634691,7.7548875021634682,0
"8,6",83,3,88,6,6,5.3752784076841653,7.7548875021634691,7.7548875021634682,0
"8,6",84,3,152,6,6,5.3752784076841653,7.7548875021634691,7.7548875021634682,0
"8,6",85,3,104,6,6,5.3752784076841653,7.7548875021634691,7.7548875021634682,0
"8,6",86,3,168,6,6,5.3752784076841653,7.7548875021634691,7.7548875021634682,0
"8,6",87,3,200,6,6,5.3752784076841653,7.7548875021634691,7.7548875021634682,0
"8,6",88,3,112,6,6,5.3752784076841653,7.7548875021634691,7.7548875021634682,0
"8,6",89,3,176,6,6,5.3752784076841653,7.7548875021634691,7.7548875021634682,0
"8,6",90,3,208,6,6,5.3752784076841653,7.7548875021634691,7.7548875021634682,0
"8,6",91,3,224,6,6,5.3752784076841653,7.7548875021634691,7.7548875021634682,0
"8,6",92,4,15,6,8,5.7807435157923299,8.3398500028846261,10.339850002884624,4
"8,6",93,4,23,8,8,7.1670378769122198,10.339850002884624,10.339850002884624,0
"8,6",94,4,39,8,8,7.1670378769122198,10.339850002884624,10.339850002884624,0
"8,6",95,4,71,7,8,6.0684255882441107,8.75488750216347,10.339850002884624,1
"8,6",96,4,135,8,8,7.1670378769122198,10.339850002884624,10.339850002884624,0
"8,6",97,4,27,8,8,7.1670378769122198,10.339850002884624,10.339850002884624,0
"8,6",98,4,43,7,8,6.0684255882441107,8.75488750216347,10.339850002884624,1
"8,6",99,4,75,7,8,6.0684255882441107,8.75488750216347,10.339850002884624,1
"8,6",100,4,139,7,8,6.0684255882441107,8.75488750216347,10.339850002884624,1
"8,6",101,4,51,8,8,7.1670378769122198,10.339850002884624,10.339850002884624,0
"8,6",102,4,83,8,8,7.1670378769122198,10.339850002884624,10.339850002884624,0
"8,6",103,4,147,7,8,6.4738906963522744,9.3398500028846243,10.339850002884624,1
"8,6",104,4,99,7,8,6.4738906963522744,9.3398500028846243,10.339850002884624,1
"8,6",105,4,163,7,8,6.0684255882441107,8.75488750216347,10.339850002884624,1
"8,6",106,4,195,8,8,7.1670378769122198,10.339850002884624,10.339850002884624,0
"8,6",107,4,29,7,8,6.0684255882441107,8.75488750216347,10.339850002884624,1
"8,6",108,4,45,8,8,7.1670378769122198,10.339850002884624,10.339850002884624,0
"8,6",109,4,77,8,8,7.1670378769122198,10.339850002884624,10.339850002884624,0
"8,6",110,4,141,8,8,7.1670378769122198,10.339850002884624,10.339850002884624,0
"8,6",111,4,53,7,8,6.4738906963522744,9.3398500028846243,10.339850002884624,1
"8,6",112,4,85,7,8,6.4738906963522744,9.3398500028846243,10.339850002884624,1
"8,6",113,4,149,7,8,6.4738906963522744,9.3398500028846243,10.339850002884624,1
"8,6",114,4,101,7,8,6.4738906963522744,9.3398500028846243,10.339850002884624,1
"8,6",115,4,165,7,8,6.4738906963522744,9.3398500028846243,10.339850002884624,1
"8,6",116,4,197,7,8,6.4738906963522744,9.3398500028846243,10.339850002884624,1
"8,6",117,4,57,7,8,6.0684255882441107,8.75488750216347,10.339850002884624,1
"8,6",118,4,89,8,8,7.1670378769122198,10.339850002884624,10.339850002884624,0
"8,6",119,4,153,6,8,5.3752784076841653,7.7548875021634691,10.339850002884624,2
"8,6",120,4,105,7,8,6.4738906963522744,9.3398500028846243,10.339850002884624,1
"8,6",121,4,169,8,8,7.1670378769122198,10.339850002884624,10.339850002884624,0
"8,6",122,4,201,8,8,7.1670378769122198,10.339850002884624,10.339850002884624,0
"8,6",123,4,113,8,8,7.1670378769122198,10.339850002884624,10.339850002884624,0
"8,6",124,4,177,8,8,7.1670378769122198,10.339850002884624,10.339850002884624,0
"8,6",125,4,209,8,8,7.1670378769122198,10.339850002884624,10.339850002884624,0
"8,6",126,4,225,8,8,7.1670378769122198,10.339850002884624,10.339850002884624,0
"8,6",127,4,30,8,8,7.1670378769122198,10.339850002884624,10.339850002884624,0
"8,6",128,4,46,8,8,7.1670378769122198,10.339850002884624,10.339850002884624,0
"8,6",129,4,78,8,8,7.1670378769122198,10.339850002884624,10.339850002884624,0
"8,6",130,4,142,8,8,7.1670378769122198,10.339850002884624,10.339850002884624,0
"8,6",131,4,54,8,8,7.1670378769122198,10.339850002884624,10.339850002884624,0
"8,6",132,4,86,8,8,7.1670378769122198,10.339850002884624,10.339850002884624,0
"8,6",133,4,150,7,8,6.4738906963522744,9.3398500028846243,10.339850002884624,1
"8,6",134,4,102,6,8,5.3752784076841653,7.7548875021634691,10.339850002884624,2
"8,6",135,4,166,8,8,7.1670378769122198,10.339850002884624,10.339850002884624,0
"8,6",136,4,198,7,8,6.0684255882441107,8.75488750216347,10.339850002884624,1
"8,6",137,4,58,7,8,6.4738906963522744,9.3398500028846243,10.339850002884624,1
"8,6",138,4,90,7,8,6.4738906963522744,9.3398500028846243,10.339850002884624,1
"8,6",139,4,154,7,8,6.4738906963522744,9.3398500028846243,10.339850002884624,1
"8,6",140,4,106,7,8,6.4738906963522744,9.3398500028846243,10.339850002884624,1
"8,6",141,4,170,7,8,6.4738906963522744,9.3398500028846243,10.339850002884624,1
"8,6",142,4,202,7,8,6.4738906963522744,9.3398500028846243,10.339850002884624,1
"8,6",143,4,114,8,8,7.1670378769122198,10.339850002884624,10.339850002884624,0
"8,6",144,4,178,8,8,7.1670378769122198,10.339850002884624,10.339850002884624,0
"8,6",145,4,210,8,8,7.1670378769122198,10.339850002884624,10.339850002884624,0
"8,6",146,4,226,7,8,6.0684255882441107,8.75488750216347,10.339850002884624,1
"8,6",147,4,60,8,8,7.1670378769122198,10.339850002884624,10.339850002884624,0
"8,6",148,4,92,7,8,6.0684255882441107,8.75488750216347,10.339850002884624,1
"8,6",149,4,156,7,8,6.4738906963522744,9.3398500028846243,10.339850002884624,1
"8,6",150,4,108,7,8,6.4738906963522744,9.3398500028846243,10.339850002884624,1
"8,6",151,4,172,8,8,7.1670378769122198,10.339850002884624,10.339850002884624,0
"8,6",152,4,204,8,8,7.1670378769122198,10.339850002884624,10.339850002884624,0
"8,6",153,4,116,7,8,6.0684255882441107,8.75488750216347,10.339850002884624,1
"8,6",154,4,180,7,8,6.0684255882441107,8.75488750216347,10.339850002884624,1
"8,6",155,4,212,7,8,6.0684255882441107,8.75488750216347,10.339850002884624,1
"8,6",156,4,228,8,8,7.1670378769122198,10.339850002884624,10.339850002884624,0
"8,6",157,4,120,8,8,7.1670378769122198,10.339850002884624,10.339850002884624,0
"8,6",158,4,184,7,8,6.0684255882441107,8.75488750216347,10.339850002884624,1
"8,6",159,4,216,8,8,7.1670378769122198,10.339850002884624,10.339850002884624,0
"8,6",160,4,232,8,8,7.1670378769122198,10.339850002884624,10.339850002884624,0
"8,6",161,4,240,6,8,5.7807435157923299,8.3398500028846261,10.339850002884624,4
"11,3",0,1,1,1,1,1.0986122886681098,1.5849625007211563,1.5849625007211561,0
"11,3",1,1,2,1,1,1.0986122886681098,1.5849625007211563,1.5849625007211561,0
"11,3",2,1,4,1,1,1.0986122886681098,1.5849625007211563,1.5849625007211561,0
"11,3",3,1,8,1,1,1.0986122886681098,1.5849625007211563,1.5849625007211561,0
"11,3",4,1,16,1,1,1.0986122886681098,1.5849625007211563,1.5849625007211561,0
"11,3",5,1,32,1,1,1.0986122886681098,1.5849625007211563,1.5849625007211561,0
"11,3",6,1,64,1,1,1.0986122886681098,1.5849625007211563,1.5849625007211561,0
"11,3",7,1,128,1,1,1.0986122886681098,1.5849625007211563,1.5849625007211561,0
"11,3",8,1,256,1,1,1.0986122886681098,1.5849625007211563,1.5849625007211561,0
"11,3",9,1,512,1,1,1.0986122886681098,1.5849625007211563,1.5849625007211561,0
"11,3",10,1,1024,1,1,1.0986122886681098,1.5849625007211563,1.5849625007211561,0
"11,3",11,2,3,2,2,2.1972245773362196,3.1699250014423126,3.1699250014423122,0
"11,3",12,2,5,2,2,2.1972245773362196,3.1699250014423126,3.1699250014423122,0
"11,3",13,2,9,2,2,2.1972245773362196,3.1699250014423126,3.1699250014423122,0
"11,3",14,2,17,2,2,2.1972245773362196,3.1699250014423126,3.1699250014423122,0
"11,3",15,2,33,2,2,2.1972245773362196,3.1699250014423126,3.1699250014423122,0
"11,3",16,2,65,2,2,2.1972245773362196,3.1699250014423126,3.1699250014423122,0
"11,3",17,2,129,2,2,2.1972245773362196,3.1699250014423126,3.1699250014423122,0
"11,3",18,2,257,2,2,2.1972245773362196,3.1699250014423126,3.1699250014423122,0
"11,3",19,2,513,2,2,2.1972245773362196,3.1699250014423126,3.1699250014423122,0
"11,3",20,2,1025,2,2,2.1972245773362196,3.1699250014423126,3.1699250014423122,0
"11,3",21,2,6,2,2,2.1972245773362196,3.1699250014423126,3.1699250014423122,0
"11,3",22,2,10,2,2,2.1972245773362196,3.1699250014423126,3.1699250014423122,0
"11,3",23,2,18,2,2,2.1972245773362196,3.1699250014423126,3.1699250014423122,0
"11,3",24,2,34,2,2,2.1972245773362196,3.1699250014423126,3.1699250014423122,0
"11,3",25,2,66,2,2,2.1972245773362196,3.1699250014423126,3.1699250014423122,0
"11,3",26,2,130,2,2,2.1972245773362196,3.1699250014423126,3.1699250014423122,0
"11,3",27,2,258,2,2,2.1972245773362196,3.1699250014423126,3.1699250014423122,0
"11,3",28,2,514,2,2,2.1972245773362196,3.1699250014423126,3.1699250014423122,0
"11,3",29,2,1026,2,2,2.1972245773362196,3.1699250014423126,3.1699250014423122,0
"11,3",30,2,12,2,2,2.1972245773362196,3.1699250014423126,3.1699250014423122,0
"11,3",31,2,20,2,2,2.1972245773362196,3.1699250014423126,3.1699250014423122,0
"11,3",32,2,36,2,2,2.1972245773362196,3.1699250014423126,3.1699250014423122,0
"11,3",33,2,68,2,2,2.1972245773362196,3.1699250014423126,3.1699250014423122,0
"11,3",34,2,132,2,2,2.1972245773362196,3.1699250014423126,3.1699250014423122,0
"11,3",35,2,260,2,2,2.1972245773362196,3.1699250014423126,3.1699250014423122,0
"11,3",36,2,516,2,2,2.1972245773362196,3.1699250014423126,3.1699250014423122,0
"11,3",37,2,1028,2,2,2.1972245773362196,3.1699250014423126,3.1699250014423122,0
"11,3",38,2,24,2,2,2.1972245773362196,3.1699250014423126,3.1699250014423122,0
"11,3",39,2,40,2,2,2.1972245773362196,3.1699250014423126,3.1699250014423122,0
"11,3",40,2,72,2,2,2.1972245773362196,3.1699250014423126,3.1699250014423122,0
"11,3",41,2,136,2,2,2.1972245773362196,3.1699250014423126,3.1699250014423122,0
"11,3",42,2,264,2,2,2.1972245773362196,3.1699250014423126,3.1699250014423122,0
"11,3",43,2,520,2,2,2.1972245773362196,3.1699250014423126,3.1699250014423122,0
"11,3",44,2,1032,2,2,2.1972245773362196,3.1699250014423126,3.1699250014423122,0
"11,3",45,2,48,2,2,2.1972245773362196,3.1699250014423126,3.1699250014423122,0
"11,3",46,2,80,2,2,2.1972245773362196,3.1699250014423126,3.1699250014423122,0
"11,3",47,2,144,2,2,2.1972245773362196,3.1699250014423126,3.1699250014423122,0
"11,3",48,2,272,2,2,2.1972245773362196,3.1699250014423126,3.1699250014423122,0
"11,3",49,2,528,2,2,2.1972245773362196,3.1699250014423126,3.1699250014423122,0
"11,3",50,2,1040,2,2,2.1972245773362196,3.1699250014423126,3.1699250014423122,0
"11,3",51,2,96,2,2,2.1972245773362196,3.1699250014423126,3.1699250014423122,0
"11,3",52,2,160,2,2,2.1972245773362196,3.1699250014423126,3.1699250014423122,0
"11,3",53,2,288,2,2,2.1972245773362196,3.1699250014423126,3.1699250014423122,0
"11,3",54,2,544,2,2,2.1972245773362196,3.1699250014423126,3.1699250014423122,0
"11,3",55,2,1056,2,2,2.1972245773362196,3.1699250014423126,3.1699250014423122,0
"11,3",56,2,192,2,2,2.1972245773362196,3.1699250014423126,3.1699250014423122,0
"11,3",57,2,320,2,2,2.1972245773362196,3.1699250014423126,3.1699250014423122,0
"11,3",58,2,576,2,2,2.1972245773362196,3.1699250014423126,3.1699250014423122,0
"11,3",59,2,1088,2,2,2.1972245773362196,3.1699250014423126,3.1699250014423122,0
"11,3",60,2,384,2,2,2.1972245773362196,3.1699250014423126,3.1699250014423122,0
"11,3",61,2,640,2,2,2.1972245773362196,3.1699250014423126,3.1699250014423122,0
"11,3",62,2,1152,2,2,2.1972245773362196,3.1699250014423126,3.1699250014423122,0
"11,3",63,2,768,2,2,2.1972245773362196,3.1699250014423126,3.1699250014423122,0
"11,3",64,2,1280,2,2,2.1972245773362196,3.1699250014423126,3.1699250014423122,0
"11,3",65,2,1536,2,2,2.1972245773362196,3.1699250014423126,3.1699250014423122,0
"11,3",66,3,7,3,3,3.2958368660043291,4.7548875021634691,4.7548875021634682,0
"11,3",67,3,11,3,3,3.2958368660043291,4.7548875021634691,4.7548875021634682,0
"11,3",68,3,19,3,3,3.2958368660043291,4.7548875021634691,4.7548875021634682,0
"11,3",69,3,35,3,3,3.2958368660043291,4.7548875021634691,4.7548875021634682,0
"11,3",70,3,67,3,3,3.2958368660043291,4.7548875021634691,4.7548875021634682,0
"11,3",71,3,131,3,3,3.2958368660043291,4.7548875021634691,4.7548875021634682,0
"11,3",72,3,259,3,3,3.2958368660043291,4.7548875021634691,4.7548875021634682,0
"11,3",73,3,515,3,3,3.2958368660043291,4.7548875021634691,4.7548875021634682,0
"11,3",74,3,1027,3,3,3.2958368660043291,4.7548875021634691,4.7548875021634682,0
"11,3",75,3,13,3,3,3.2958368660043291,4.7548875021634691,4.7548875021634682,0
"11,3",76,3,21,3,3,3.2958368660043291,4.7548875021634691,4.7548875021634682,0
"11,3",77,3,37,3,3,3.2958368660043291,4.7548875021634691,4.7548875021634682,0
"11,3",78,3,69,3,3,3.2958368660043291,4.7548875021634691,4.7548875021634682,0
"11,3",79,3,133,3,3,3.2958368660043291,4.7548875021634691,4.7548875021634682,0
"11,3",80,3,261,3,3,3.2958368660043291,4.7548875021634691,4.7548875021634682,0
"11,3",81,3,517,3,3,3.2958368660043291,4.7548875021634691,4.7548875021634682,0
"11,3",82,3,1029,3,3,3.2958368660043291,4.7548875021634691,4.7548875021634682,0
"11,3",83,3,25,3,3,3.2958368660043291,4.7548875021634691,4.7548875021634682,0
"11,3",84,3,41,3,3,3.2958368660043291,4.7548875021634691,4.7548875021634682,0
"11,3",85,3,73,3,3,3.2958368660043291,4.7548875021634691,4.7548875021634682,0
"11,3",86,3,137,3,3,3.2958368660043291,4.7548875021634691,4.7548875021634682,0
"11,3",87,3,265,3,3,3.2958368660043291,4.7548875021634691,4.7548875021634682,0
"11,3",88,3,521,3,3,3.2958368660043291,4.7548875021634691,4.7548875021634682,0
"11,3",89,3,1033,3,3,3.2958368660043291,4.7548875021634691,4.7548875021634682,0
"11,3",90,3,49,3,3,3.2958368660043291,4.7548875021634691,4.7548875021634682,0
"11,3",91,3,81,3,3,3.2958368660043291,4.7548875021634691,4.7548875021634682,0
"11,3",92,3,145,3,3,3.2958368660043291,4.7548875021634691,4.7548875021634682,0
"11,3",93,3,273,3,3,3.2958368660043291,4.7548875021634691,4.7548875021634682,0
"11,3",94,3,529,3,3,3.2958368660043291,4.7548875021634691,4.7548875021634682,0
"11,3",95,3,1041,3,3,3.2958368660043291,4.7548875021634691,4.7548875021634682,0
"11,3",96,3,97,3,3,3.2958368660043291,4.7548875021634691,4.7548875021634682,0
"11,3",97,3,161,3,3,3.2958368660043291,4.7548875021634691,4.7548875021634682,0
"11,3",98,3,289,3,3,3.2958368660043291,4.7548875021634691,4.7548875021634682,0
"11,3",99,3,545,3,3,3.2958368660043291,4.7548875021634691,4.7548875021634682,0
"11,3",100,3,1057,3,3,3.2958368660043291,4.7548875021634691,4.7548875021634682,0
"11,3",101,3,193,3,3,3.2958368660043291,4.7548875021634691,4.7548875021634682,0
"11,3",102,3,321,3,3,3.2958368660043291,4.7548875021634691,4.7548875021634682,0
"11,3",103,3,577,3,3,3.2958368660043291,4.7548875021634691,4.7548875021634682,0
"11,3",104,3,1089,3,3,3.2958368660043291,4.7548875021634691,4.7548875021634682,0
"11,3",105,3,385,3,3,3.2958368660043291,4.7548875021634691,4.7548875021634682,0
"11,3",106,3,641,3,3,3.2958368660043291,4.7548875021634691,4.7548875021634682,0
"11,3",107,3,1153,3,3,3.2958368660043291,4.7548875021634691,4.7548875021634682,0
"11,3",108,3,769,3,3,3.2958368660043291,4.7548875021634691,4.7548875021634682,0
"11,3",109,3,1281,3,3,3.2958368660043291,4.7548875021634691,4.7548875021634682,0
"11,3",110,3,1537,3,3,3.2958368660043291,4.7548875021634691,4.7548875021634682,0
"11,3",111,3,14,3,3,3.2958368660043291,4.7548875021634691,4.7548875021634682,0
"11,3",112,3,22,3,3,3.2958368660043291,4.7548875021634691,4.7548875021634682,0
"11,3",113,3,38,3,3,3.2958368660043291,4.7548875021634691,4.7548875021634682,0
"11,3",114,3,70,3,3,3.2958368660043291,4.7548875021634691,4.7548875021634682,0
"11,3",115,3,134,3,3,3.2958368660043291,4.7548875021634691,4.7548875021634682,0
"11,3",116,3,262,3,3,3.2958368660043291,4.7548875021634691,4.7548875021634682,0
"11,3",117,3,518,3,3,3.2958368660043291,4.7548875021634691,4.7548875021634682,0
"11,3",118,3,1030,3,3,3.2958368660043291,4.7548875021634691,4.7548875021634682,0
"11,3",119,3,26,3,3,3.2958368660043291,4.7548875021634691,4.7548875021634682,0
"11,3",120,3,42,3,3,3.2958368660043291,4.7548875021634691,4.7548875021634682,0
"11,3",121,3,74,3,3,3.2958368660043291,4.7548875021634691,4.7548875021634682,0
"11,3",122,3,138,3,3,3.2958368660043291,4.7548875021634691,4.7548875021634682,0
"11,3",123,3,266,3,3,3.2958368660043291,4.7548875021634691,4.7548875021634682,0
"11,3",124,3,522,3,3,3.2958368660043291,4.7548875021634691,4.7548875021634682,0
"11,3",125,3,1034,3,3,3.2958368660043291,4.7548875021634691,4.7548875021634682,0
"11,3",126,3,50,3,3,3.2958368660043291,4.7548875021634691,4.7548875021634682,0
"11,3",127,3,82,3,3,3.2958368660043291,4.7548875021634691,4.7548875021634682,0
"11,3",128,3,146,3,3,3.2958368660043291,4.7548875021634691,4.7548875021634682,0
"11,3",129,3,274,3,3,3.2958368660043291,4.7548875021634691,4.7548875021634682,0
"11,3",130,3,530,3,3,3.2958368660043291,4.7548875021634691,4.7548875021634682,0
"11,3",131,3,1042,3,3,3.2958368660043291,4.7548875021634691,4.7548875021634682,0
"11,3",132,3,98,3,3,3.2958368660043291,4.7548875021634691,4.7548875021634682,0
"11,3",133,3,162,3,3,3.2958368660043291,4.7548875021634691,4.7548875021634682,0
"11,3",134,3,290,3,3,3.2958368660043291,4.7548875021634691,4.7548875021634682,0
"11,3",135,3,546,3,3,3.2958368660043291,4.7548875021634691,4.7548875021634682,0
"11,3",136,3,1058,3,3,3.2958368660043291,4.7548875021634691,4.7548875021634682,0
"11,3",137,3,194,3,3,3.2958368660043291,4.7548875021634691,4.7548875021634682,0
"11,3",138,3,322,3,3,3.2958368660043291,4.7548875021634691,4.7548875021634682,0
"11,3",139,3,578,3,3,3.2958368660043291,4.7548875021634691,4.7548875021634682,0
"11,3",140,3,1090,3,3,3.2958368660043291,4.7548875021634691,4.7548875021634682,0
"11,3",141,3,386,3,3,3.2958368660043291,4.7548875021634691,4.7548875021634682,0
"11,3",142,3,642,3,3,3.2958368660043291,4.7548875021634691,4.7548875021634682,0
"11,3",143,3,1154,3,3,3.2958368660043291,4.7548875021634691,4.7548875021634682,0
"11,3",144,3,770,3,3,3.2958368660043291,4.7548875021634691,4.7548875021634682,0
"11,3",145,3,1282,3,3,3.2958368660043291,4.7548875021634691,4.7548875021634682,0
"11,3",146,3,1538,3,3,3.2958368660043291,4.7548875021634691,4.7548875021634682,0
"11,3",147,3,28,3,3,3.2958368660043291,4.7548875021634691,4.7548875021634682,0
"11,3",148,3,44,3,3,3.2958368660043291,4.7548875021634691,4.7548875021634682,0
"11,3",149,3,76,3,3,3.2958368660043291,4.7548875021634691,4.7548875021634682,0
"11,3",150,3,140,3,3,3.2958368660043291,4.7548875021634691,4.7548875021634682,0
"11,3",151,3,268,3,3,3.2958368660043291,4.7548875021634691,4.7548875021634682,0
"11,3",152,3,524,3,3,3.2958368660043291,4.7548875021634691,4.7548875021634682,0
"11,3",153,3,1036,3,3,3.2958368660043291,4.7548875021634691,4.7548875021634682,0
"11,3",154,3,52,3,3,3.2958368660043291,4.7548875021634691,4.7548875021634682,0
"11,3",155,3,84,3,3,3.2958368660043291,4.7548875021634691,4.7548875021634682,0
"11,3",156,3,148,3,3,3.2958368660043291,4.7548875021634691,4.7548875021634682,0
"11,3",157,3,276,3,3,3.2958368660043291,4.7548875021634691,4.7548875021634682,0
"11,3",158,3,532,3,3,3.2958368660043291,4.7548875021634691,4.7548875021634682,0
"11,3",159,3,1044,3,3,3.2958368660043291,4.7548875021634691,4.7548875021634682,0
"11,3",160,3,100,3,3,3.2958368660043291,4.7548875021634691,4.7548875021634682,0
"11,3",161,3,164,3,3,3.2958368660043291,4.7548875021634691,4.7548875021634682,0
"11,3",162,3,292,3,3,3.2958368660043291,4.7548875021634691,4.7548875021634682,0
"11,3",163,3,548,3,3,3.2958368660043291,4.7548875021634691,4.7548875021634682,0
"11,3",164,3,1060,3,3,3.2958368660043291,4.7548875021634691,4.7548875021634682,0
"11,3",165,3,196,3,3,3.2958368660043291,4.7548875021634691,4.7548875021634682,0
"11,3",166,3,324,3,3,3.2958368660043291,4.7548875021634691,4.7548875021634682,0
"11,3",167,3,580,3,3,3.2958368660043291,4.7548875021634691,4.7548875021634682,0
"11,3",168,3,1092,3,3,3.2958368660043291,4.7548875021634691,4.7548875021634682,0
"11,3",169,3,388,3,3,3.2958368660043291,4.7548875021634691,4.7548875021634682,0
"11,3",170,3,644,3,3,3.2958368660043291,4.7548875021634691,4.7548875021634682,0
"11,3",171,3,1156,3,3,3.2958368660043291,4.7548875021634691,4.7548875021634682,0
"11,3",172,3,772,3,3,3.2958368660043291,4.7548875021634691,4.7548875021634682,0
"11,3",173,3,1284,3,3,3.2958368660043291,4.7548875021634691,4.7548875021634682,0
"11,3",174,3,1540,3,3,3.2958368660043291,4.7548875021634691,4.7548875021634682,0
"11,3",175,3,56,3,3,3.2958368660043291,4.7548875021634691,4.7548875021634682,0
"11,3",176,3,88,3,3,3.2958368660043291,4.7548875021634691,4.7548875021634682,0
"11,3",177,3,152,3,3,3.2958368660043291,4.7548875021634691,4.7548875021634682,0
"11,3",178,3,280,3,3,3.2958368660043291,4.7548875021634691,4.7548875021634682,0
"11,3",179,3,536,3,3,3.2958368660043291,4.7548875021634691,4.7548875021634682,0
"11,3",180,3,1048,3,3,3.2958368660043291,4.7548875021634691,4.7548875021634682,0
"11,3",181,3,104,3,3,3.2958368660043291,4.7548875021634691,4.7548875021634682,0
"11,3",182,3,168,3,3,3.2958368660043291,4.7548875021634691,4.7548875021634682,0
"11,3",183,3,296,3,3,3.2958368660043291,4.7548875021634691,4.7548875021634682,0
"11,3",184,3,552,3,3,3.2958368660043291,4.7548875021634691,4.7548875021634682,0
"11,3",185,3,1064,3,3,3.2958368660043291,4.7548875021634691,4.7548875021634682,0
"11,3",186,3,200,3,3,3.2958368660043291,4.7548875021634691,4.7548875021634682,0
"11,3",187,3,328,3,3,3.2958368660043291,4.7548875021634691,4.7548875021634682,0
"11,3",188,3,584,3,3,3.2958368660043291,4.7548875021634691,4.7548875021634682,0
"11,3",189,3,1096,3,3,3.2958368660043291,4.7548875021634691,4.7548875021634682,0
"11,3",190,3,392,3,3,3.2958368660043291,4.7548875021634691,4.7548875021634682,0
"11,3",191,3,648,3,3,3.2958368660043291,4.7548875021634691,4.7548875021634682,0
"11,3",192,3,1160,3,3,3.2958368660043291,4.7548875021634691,4.7548875021634682,0
"11,3",193,3,776,3,3,3.2958368660043291,4.7548875021634691,4.7548875021634682,0
"11,3",194,3,1288,3,3,3.2958368660043291,4.7548875021634691,4.7548875021634682,0
"11,3",195,3,1544,3,3,3.2958368660043291,4.7548875021634691,4.7548875021634682,0
"11,3",196,3,112,3,3,3.2958368660043291,4.7548875021634691,4.7548875021634682,0
"11,3",197,3,176,3,3,3.2958368660043291,4.7548875021634691,4.7548875021634682,0
"11,3",198,3,304,3,3,3.2958368660043291,4.7548875021634691,4.7548875021634682,0
"11,3",199,3,560,3,3,3.2958368660043291,4.7548875021634691,4.7548875021634682,0
"11,3",200,3,1072,3,3,3.2958368660043291,4.7548875021634691,4.7548875021634682,0
"11,3",201,3,208,3,3,3.2958368660043291,4.7548875021634691,4.7548875021634682,0
"11,3",202,3,336,3,3,3.2958368660043291,4.7548875021634691,4.7548875021634682,0
"11,3",203,3,592,3,3,3.2958368660043291,4.7548875021634691,4.7548875021634682,0
"11,3",204,3,1104,3,3,3.2958368660043291,4.7548875021634691,4.7548875021634682,0
"11,3",205,3,400,3,3,3.2958368660043291,4.7548875021634691,4.7548875021634682,0
"11,3",206,3,656,3,3,3.2958368660043291,4.7548875021634691,4.7548875021634682,0
"11,3",207,3,1168,3,3,3.2958368660043291,4.7548875021634691,4.7548875021634682,0
"11,3",208,3,784,3,3,3.2958368660043291,4.7548875021634691,4.7548875021634682,0
"11,3",209,3,1296,3,3,3.2958368660043291,4.7548875021634691,4.7548875021634682,0
"11,3",210,3,1552,3,3,3.2958368660043291,4.7548875021634691,4.7548875021634682,0
"11,3",211,3,224,3,3,3.2958368660043291,4.7548875021634691,4.7548875021634682,0
"11,3",212,3,352,3,3,3.2958368660043291,4.7548875021634691,4.7548875021634682,0
"11,3",213,3,608,3,3,3.2958368660043291,4.7548875021634691,4.7548875021634682,0
"11,3",214,3,1120,3,3,3.2958368660043291,4.7548875021634691,4.7548875021634682,0
"11,3",215,3,416,3,3,3.2958368660043291,4.7548875021634691,4.7548875021634682,0
"11,3",216,3,672,3,3,3.2958368660043291,4.7548875021634691,4.7548875021634682,0
"11,3",217,3,1184,3,3,3.2958368660043291,4.7548875021634691,4.7548875021634682,0
"11,3",218,3,800,3,3,3.2958368660043291,4.7548875021634691,4.7548875021634682,0
"11,3",219,3,1312,3,3,3.2958368660043291,4.7548875021634691,4.7548875021634682,0
"11,3",220,3,1568,3,3,3.2958368660043291,4.7548875021634691,4.7548875021634682,0
"11,3",221,3,448,3,3,3.2958368660043291,4.7548875021634691,4.7548875021634682,0
"11,3",222,3,704,3,3,3.2958368660043291,4.7548875021634691,4.7548875021634682,0
"11,3",223,3,1216,3,3,3.2958368660043291,4.7548875021634691,4.7548875021634682,0
"11,3",224,3,832,3,3,3.2958368660043291,4.7548875021634691,4.7548875021634682,0
"11,3",225,3,1344,3,3,3.2958368660043291,4.7548875021634691,4.7548875021634682,0
"11,3",226,3,1600,3,3,3.2958368660043291,4.7548875021634691,4.7548875021634682,0
"11,3",227,3,896,3,3,3.2958368660043291,4.7548875021634691,4.7548875021634682,0
"11,3",228,3,1408,3,3,3.2958368660043291,4.7548875021634691,4.7548875021634682,0
"11,3",229,3,1664,3,3,3.2958368660043291,4.7548875021634691,4.7548875021634682,0
"11,3",230,3,1792,3,3,3.2958368660043291,4.7548875021634691,4.7548875021634682,0
"11,3",231,4,15,4,4,4.3944491546724391,6.3398500028846252,6.3398500028846243,0
"11,3",232,4,23,4,4,4.3944491546724391,6.3398500028846252,6.3398500028846243,0
"11,3",233,4,39,4,4,4.3944491546724391,6.3398500028846252,6.3398500028846243,0
"11,3",234,4,71,4,4,4.3944491546724391,6.3398500028846252,6.3398500028846243,0
"11,3",235,4,135,4,4,4.3944491546724391,6.3398500028846252,6.3398500028846243,0
"11,3",236,4,263,4,4,4.3944491546724391,6.3398500028846252,6.3398500028846243,0
"11,3",237,4,519,4,4,4.3944491546724391,6.3398500028846252,6.3398500028846243,0
"11,3",238,4,1031,4,4,4.3944491546724391,6.3398500028846252,6.3398500028846243,0
"11,3",239,4,27,4,4,4.3944491546724391,6.3398500028846252,6.3398500028846243,0
"11,3",240,4,43,4,4,4.3944491546724391,6.3398500028846252,6.3398500028846243,0
"11,3",241,4,75,4,4,4.3944491546724391,6.3398500028846252,6.3398500028846243,0
"11,3",242,4,139,4,4,4.3944491546724391,6.3398500028846252,6.3398500028846243,0
"11,3",243,4,267,4,4,4.3944491546724391,6.3398500028846252,6.3398500028846243,0
"11,3",244,4,523,4,4,4.3944491546724391,6.3398500028846252,6.3398500028846243,0
"11,3",245,4,1035,4,4,4.3944491546724391,6.3398500028846252,6.3398500028846243,0
"11,3",246,4,51,4,4,4.3944491546724391,6.3398500028846252,6.3398500028846243,0
"11,3",247,4,83,4,4,4.3944491546724391,6.3398500028846252,6.3398500028846243,0
"11,3",248,4,147,4,4,4.3944491546724391,6.3398500028846252,6.3398500028846243,0
"11,3",249,4,275,4,4,4.3944491546724391,6.3398500028846252,6.3398500028846243,0
"11,3",250,4,531,4,4,4.3944491546724391,6.3398500028846252,6.3398500028846243,0
"11,3",251,4,1043,4,4,4.3944491546724391,6.3398500028846252,6.3398500028846243,0
"11,3",252,4,99,4,4,4.3944491546724391,6.3398500028846252,6.3398500028846243,0
"11,3",253,4,163,4,4,4.3944491546724391,6.3398500028846252,6.3398500028846243,0
"11,3",254,4,291,4,4,4.3944491546724391,6.3398500028846252,6.3398500028846243,0
"11,3",255,4,547,4,4,4.3944491546724391,6.3398500028846252,6.3398500028846243,0
"11,3",256,4,1059,4,4,4.3944491546724391,6.3398500028846252,6.3398500028846243,0
"11,3",257,4,195,4,4,4.3944491546724391,6.3398500028846252,6.3398500028846243,0
"11,3",258,4,323,4,4,4.3944491546724391,6.3398500028846252,6.3398500028846243,0
"11,3",259,4,579,4,4,4.3944491546724391,6.3398500028846252,6.3398500028846243,0
"11,3",260,4,1091,4,4,4.3944491546724391,6.3398500028846252,6.3398500028846243,0
"11,3",261,4,387,4,4,4.3944491546724391,6.3398500028846252,6.3398500028846243,0
"11,3",262,4,643,4,4,4.3944491546724391,6.3398500028846252,6.3398500028846243,0
"11,3",263,4,1155,4,4,4.3944491546724391,6.3398500028846252,6.3398500028846243,0
"11,3",264,4,771,4,4,4.3944491546724391,6.3398500028846252,6.3398500028846243,0
"11,3",265,4,1283,4,4,4.3944491546724391,6.3398500028846252,6.3398500028846243,0
"11,3",266,4,1539,4,4,4.3944491546724391,6.3398500028846252,6.3398500028846243,0
"11,3",267,4,29,4,4,4.3944491546724391,6.3398500028846252,6.3398500028846243,0
"11,3",268,4,45,4,4,4.3944491546724391,6.3398500028846252,6.3398500028846243,0
"11,3",269,4,77,4,4,4.3944491546724391,6.3398500028846252,6.3398500028846243,0
"11,3",270,4,141,4,4,4.3944491546724391,6.3398500028846252,6.3398500028846243,0
"11,3",271,4,269,4,4,4.3944491546724391,6.3398500028846252,6.3398500028846243,0
"11,3",272,4,525,4,4,4.3944491546724391,6.3398500028846252,6.3398500028846243,0
"11,3",273,4,1037,4,4,4.3944491546724391,6.3398500028846252,6.3398500028846243,0
"11,3",274,4,53,4,4,4.3944491546724391,6.3398500028846252,6.3398500028846243,0
"11,3",275,4,85,4,4,4.3944491546724391,6.3398500028846252,6.3398500028846243,0
"11,3",276,4,149,4,4,4.3944491546724391,6.3398500028846252,6.3398500028846243,0
"11,3",277,4,277,4,4,4.3944491546724391,6.3398500028846252,6.3398500028846243,0
"11,3",278,4,533,4,4,4.3944491546724391,6.3398500028846252,6.3398500028846243,0
"11,3",279,4,1045,4,4,4.3944491546724391,6.3398500028846252,6.3398500028846243,0
"11,3",280,4,101,4,4,4.3944491546724391,6.3398500028846252,6.3398500028846243,0
"11,3",281,4,165,4,4,4.3944491546724391,6.3398500028846252,6.3398500028846243,0
"11,3",282,4,293,4,4,4.3944491546724391,6.3398500028846252,6.3398500028846243,0
"11,3",283,4,549,4,4,4.3944491546724391,6.3398500028846252,6.3398500028846243,0
"11,3",284,4,1061,4,4,4.3944491546724391,6.3398500028846252,6.3398500028846243,0
"11,3",285,4,197,4,4,4.3944491546724391,6.3398500028846252,6.3398500028846243,0
"11,3",286,4,325,4,4,4.3944491546724391,6.3398500028846252,6.3398500028846243,0
"11,3",287,4,581,4,4,4.3944491546724391,6.3398500028846252,6.3398500028846243,0
"11,3",288,4,1093,4,4,4.3944491546724391,6.3398500028846252,6.3398500028846243,0
"11,3",289,4,389,4,4,4.3944491546724391,6.3398500028846252,6.3398500028846243,0
"11,3",290,4,645,4,4,4.3944491546724391,6.3398500028846252,6.3398500028846243,0
"11,3",291,4,1157,4,4,4.3944491546724391,6.3398500028846252,6.3398500028846243,0
"11,3",292,4,773,4,4,4.3944491546724391,6.3398500028846252,6.3398500028846243,0
"11,3",293,4,1285,4,4,4.3944491546724391,6.3398500028846252,6.3398500028846243,0
"11,3",294,4,1541,4,4,4.3944491546724391,6.3398500028846252,6.3398500028846243,0
"11,3",295,4,57,4,4,4.3944491546724391,6.3398500028846252,6.3398500028846243,0
"11,3",296,4,89,4,4,4.3944491546724391,6.3398500028846252,6.3398500028846243,0
"11,3",297,4,153,4,4,4.3944491546724391,6.3398500028846252,6.3398500028846243,0
"11,3",298,4,281,4,4,4.3944491546724391,6.3398500028846252,6.3398500028846243,0
"11,3",299,4,537,4,4,4.3944491546724391,6.3398500028846252,6.3398500028846243,0
"11,3",300,4,1049,4,4,4.3944491546724391,6.3398500028846252,6.3398500028846243,0
"11,3",301,4,105,4,4,4.3944491546724391,6.3398500028846252,6.3398500028846243,0
"11,3",302,4,169,4,4,4.3944491546724391,6.3398500028846252,6.3398500028846243,0
"11,3",303,4,297,4,4,4.3944491546724391,6.3398500028846252,6.3398500028846243,0
"11,3",304,4,553,4,4,4.3944491546724391,6.3398500028846252,6.3398500028846243,0
"11,3",305,4,1065,4,4,4.3944491546724391,6.3398500028846252,6.3398500028846243,0
"11,3",306,4,201,4,4,4.3944491546724391,6.3398500028846252,6.3398500028846243,0
"11,3",307,4,329,4,4,4.3944491546724391,6.3398500028846252,6.3398500028846243,0
"11,3",308,4,585,4,4,4.3944491546724391,6.3398500028846252,6.3398500028846243,0
"11,3",309,4,1097,4,4,4.3944491546724391,6.3398500028846252,6.3398500028846243,0
"11,3",310,4,393,4,4,4.3944491546724391,6.3398500028846252,6.3398500028846243,0
"11,3",311,4,649,4,4,4.3944491546724391,6.3398500028846252,6.3398500028846243,0
"11,3",312,4,1161,4,4,4.3944491546724391,6.3398500028846252,6.3398500028846243,0
"11,3",313,4,777,4,4,4.3944491546724391,6.3398500028846252,6.3398500028846243,0
"11,3",314,4,1289,4,4,4.3944491546724391,6.3398500028846252,6.3398500028846243,0
"11,3",315,4,1545,4,4,4.3944491546724391,6.3398500028846252,6.3398500028846243,0
"11,3",316,4,113,4,4,4.3944491546724391,6.3398500028846252,6.3398500028846243,0
"11,3",317,4,177,4,4,4.3944491546724391,6.3398500028846252,6.3398500028846243,0
"11,3",318,4,305,4,4,4.3944491546724391,6.3398500028846252,6.3398500028846243,0
"11,3",319,4,561,4,4,4.3944491546724391,6.3398500028846252,6.3398500028846243,0
"11,3",320,4,1073,4,4,4.3944491546724391,6.3398500028846252,6.3398500028846243,0
"11,3",321,4,209,4,4,4.3944491546724391,6.3398500028846252,6.3398500028846243,0
"11,3",322,4,337,4,4,4.3944491546724391,6.3398500028846252,6.3398500028846243,0
"11,3",323,4,593,4,4,4.3944491546724391,6.3398500028846252,6.3398500028846243,0
"11,3",324,4,1105,4,4,4.3944491546724391,6.3398500028846252,6.3398500028846243,0
"11,3",325,4,401,4,4,4.3944491546724391,6.3398500028846252,6.3398500028846243,0
"11,3",326,4,657,4,4,4.3944491546724391,6.3398500028846252,6.3398500028846243,0
"11,3",327,4,1169,4,4,4.3944491546724391,6.3398500028846252,6.3398500028846243,0
"11,3",328,4,785,4,4,4.3944491546724391,6.3398500028846252,6.3398500028846243,0
"11,3",329,4,1297,4,4,4.3944491546724391,6.3398500028846252,6.3398500028846243,0
"11,3",330,4,1553,4,4,4.3944491546724391,6.3398500028846252,6.3398500028846243,0
"11,3",331,4,225,4,4,4.3944491546724391,6.3398500028846252,6.3398500028846243,0
"11,3",332,4,353,4,4,4.3944491546724391,6.3398500028846252,6.3398500028846243,0
"11,3",333,4,609,4,4,4.3944491546724391,6.3398500028846252,6.3398500028846243,0
"11,3",334,4,1121,4,4,4.3944491546724391,6.3398500028846252,6.3398500028846243,0
"11,3",335,4,417,4,4,4.3944491546724391,6.3398500028846252,6.3398500028846243,0
"11,3",336,4,673,4,4,4.3944491546724391,6.3398500028846252,6.3398500028846243,0
"11,3",337,4,1185,4,4,4.3944491546724391,6.3398500028846252,6.3398500028846243,0
"11,3",338,4,801,4,4,4.3944491546724391,6.3398500028846252,6.3398500028846243,0
"11,3",339,4,1313,4,4,4.3944491546724391,6.3398500028846252,6.3398500028846243,0
"11,3",340,4,1569,4,4,4.3944491546724391,6.3398500028846252,6.3398500028846243,0
"11,3",341,4,449,4,4,4.3944491546724391,6.3398500028846252,6.3398500028846243,0
"11,3",342,4,705,4,4,4.3944491546724391,6.3398500028846252,6.3398500028846243,0
"11,3",343,4,1217,4,4,4.3944491546724391,6.3398500028846252,6.3398500028846243,0
"11,3",344,4,833,4,4,4.3944491546724391,6.3398500028846252,6.3398500028846243,0
"11,3",345,4,1345,4,4,4.3944491546724391,6.3398500028846252,6.3398500028846243,0
"11,3",346,4,1601,4,4,4.3944491546724391,6.3398500028846252,6.3398500028846243,0
"11,3",347,4,897,4,4,4.3944491546724391,6.3398500028846252,6.3398500028846243,0
"11,3",348,4,1409,4,4,4.3944491546724391,6.3398500028846252,6.3398500028846243,0
"11,3",349,4,1665,4,4,4.3944491546724391,6.3398500028846252,6.3398500028846243,0
"11,3",350,4,1793,4,4,4.3944491546724391,6.3398500028846252,6.3398500028846243,0
"11,3",351,4,30,4,4,4.3944491546724391,6.3398500028846252,6.3398500028846243,0
"11,3",352,4,46,4,4,4.3944491546724391,6.3398500028846252,6.3398500028846243,0
"11,3",353,4,78,4,4,4.3944491546724391,6.3398500028846252,6.3398500028846243,0
"11,3",354,4,142,4,4,4.3944491546724391,6.3398500028846252,6.3398500028846243,0
"11,3",355,4,270,4,4,4.3944491546724391,6.3398500028846252,6.3398500028846243,0
"11,3",356,4,526,4,4,4.3944491546724391,6.3398500028846252,6.3398500028846243,0
"11,3",357,4,1038,4,4,4.3944491546724391,6.3398500028846252,6.3398500028846243,0
"11,3",358,4,54,4,4,4.3944491546724391,6.3398500028846252,6.3398500028846243,0
"11,3",359,4,86,4,4,4.3944491546724391,6.3398500028846252,6.3398500028846243,0
"11,3",360,4,150,4,4,4.3944491546724391,6.3398500028846252,6.3398500028846243,0
"11,3",361,4,278,4,4,4.3944491546724391,6.3398500028846252,6.3398500028846243,0
"11,3",362,4,534,4,4,4.3944491546724391,6.3398500028846252,6.3398500028846243,0
"11,3",363,4,1046,4,4,4.3944491546724391,6.3398500028846252,6.3398500028846243,0
"11,3",364,4,102,4,4,4.3944491546724391,6.3398500028846252,6.3398500028846243,0
"11,3",365,4,166,4,4,4.3944491546724391,6.3398500028846252,6.3398500028846243,0
"11,3",366,4,294,4,4,4.3944491546724391,6.3398500028846252,6.3398500028846243,0
"11,3",367,4,550,4,4,4.3944491546724391,6.3398500028846252,6.3398500028846243,0
"11,3",368,4,1062,4,4,4.3944491546724391,6.3398500028846252,6.3398500028846243,0
"11,3",369,4,198,4,4,4.3944491546724391,6.3398500028846252,6.3398500028846243,0
"11,3",370,4,326,4,4,4.3944491546724391,6.3398500028846252,6.3398500028846243,0
"11,3",371,4,582,4,4,4.3944491546724391,6.3398500028846252,6.3398500028846243,0
"11,3",372,4,1094,4,4,4.3944491546724391,6.3398500028846252,6.3398500028846243,0
"11,3",373,4,390,4,4,4.3944491546724391,6.3398500028846252,6.3398500028846243,0
"11,3",374,4,646,4,4,4.3944491546724391,6.3398500028846252,6.3398500028846243,0
"11,3",375,4,1158,4,4,4.3944491546724391,6.3398500028846252,6.3398500028846243,0
"11,3",376,4,774,4,4,4.3944491546724391,6.3398500028846252,6.3398500028846243,0
"11,3",377,4,1286,4,4,4.3944491546724391,6.3398500028846252,6.3398500028846243,0
"11,3",378,4,1542,4,4,4.3944491546724391,6.3398500028846252,6.3398500028846243,0
"11,3",379,4,58,4,4,4.3944491546724391,6.3398500028846252,6.3398500028846243,0
"11,3",380,4,90,4,4,4.3944491546724391,6.3398500028846252,6.3398500028846243,0
"11,3",381,4,154,4,4,4.3944491546724391,6.3398500028846252,6.3398500028846243,0
"11,3",382,4,282,4,4,4.3944491546724391,6.3398500028846252,6.3398500028846243,0
"11,3",383,4,538,4,4,4.3944491546724391,6.3398500028846252,6.3398500028846243,0
"11,3",384,4,1050,4,4,4.3944491546724391,6.3398500028846252,6.3398500028846243,0
"11,3",385,4,106,4,4,4.3944491546724391,6.3398500028846252,6.3398500028846243,0
"11,3",386,4,170,4,4,4.3944491546724391,6.3398500028846252,6.3398500028846243,0
"11,3",387,4,298,4,4,4.3944491546724391,6.3398500028846252,6.3398500028846243,0
"11,3",388,4,554,4,4,4.3944491546724391,6.3398500028846252,6.3398500028846243,0
"11,3",389,4,1066,4,4,4.3944491546724391,6.3398500028846252,6.3398500028846243,0
"11,3",390,4,202,4,4,4.3944491546724391,6.3398500028846252,6.3398500028846243,0
"11,3",391,4,330,4,4,4.3944491546724391,6.3398500028846252,6.3398500028846243,0
"11,3",392,4,586,4,4,4.3944491546724391,6.3398500028846252,6.3398500028846243,0
"11,3",393,4,1098,4,4,4.3944491546724391,6.3398500028846252,6.3398500028846243,0
"11,3",394,4,394,4,4,4.3944491546724391,6.3398500028846252,6.3398500028846243,0
"11,3",395,4,650,4,4,4.3944491546724391,6.3398500028846252,6.3398500028846243,0
"11,3",396,4,1162,4,4,4.3944491546724391,6.3398500028846252,6.3398500028846243,0
"11,3",397,4,778,4,4,4.3944491546724391,6.3398500028846252,6.3398500028846243,0
"11,3",398,4,1290,4,4,4.3944491546724391,6.3398500028846252,6.3398500028846243,0
"11,3",399,4,1546,4,4,4.3944491546724391,6.3398500028846252,6.3398500028846243,0
"11,3",400,4,114,4,4,4.3944491546724391,6.3398500028846252,6.3398500028846243,0
"11,3",401,4,178,4,4,4.3944491546724391,6.3398500028846252,6.3398500028846243,0
"11,3",402,4,306,4,4,4.3944491546724391,6.3398500028846252,6.3398500028846243,0
"11,3",403,4,562,4,4,4.3944491546724391,6.3398500028846252,6.3398500028846243,0
"11,3",404,4,1074,4,4,4.3944491546724391,6.3398500028846252,6.3398500028846243,0
"11,3",405,4,210,4,4,4.3944491546724391,6.3398500028846252,6.3398500028846243,0
"11,3",406,4,338,4,4,4.3944491546724391,6.3398500028846252,6.3398500028846243,0
"11,3",407,4,594,4,4,4.3944491546724391,6.3398500028846252,6.3398500028846243,0
"11,3",408,4,1106,4,4,4.3944491546724391,6.3398500028846252,6.3398500028846243,0
"11,3",409,4,402,4,4,4.3944491546724391,6.3398500028846252,6.3398500028846243,0
"11,3",410,4,658,4,4,4.3944491546724391,6.3398500028846252,6.3398500028846243,0
"11,3",411,4,1170,4,4,4.3944491546724391,6.3398500028846252,6.3398500028846243,0
"11,3",412,4,786,4,4,4.3944491546724391,6.3398500028846252,6.3398500028846243,0
"11,3",413,4,1298,4,4,4.3944491546724391,6.3398500028846252,6.3398500028846243,0
"11,3",414,4,1554,4,4,4.3944491546724391,6.3398500028846252,6.3398500028846243,0
"11,3",415,4,226,4,4,4.3944491546724391,6.3398500028846252,6.3398500028846243,0
"11,3",416,4,354,4,4,4.3944491546724391,6.3398500028846252,6.3398500028846243,0
"11,3",417,4,610,4,4,4.3944491546724391,6.3398500028846252,6.3398500028846243,0
"11,3",418,4,1122,4,4,4.3944491546724391,6.3398500028846252,6.3398500028846243,0
"11,3",419,4,418,4,4,4.3944491546724391,6.3398500028846252,6.3398500028846243,0
"11,3",420,4,674,4,4,4.3944491546724391,6.3398500028846252,6.3398500028846243,0
"11,3",421,4,1186,4,4,4.3944491546724391,6.3398500028846252,6.3398500028846243,0
"11,3",422,4,802,4,4,4.3944491546724391,6.3398500028846252,6.3398500028846243,0
"11,3",423,4,1314,4,4,4.3944491546724391,6.3398500028846252,6.3398500028846243,0
"11,3",424,4,1570,4,4,4.3944491546724391,6.3398500028846252,6.3398500028846243,0
"11,3",425,4,450,4,4,4.3944491546724391,6.3398500028846252,6.3398500028846243,0
"11,3",426,4,706,4,4,4.3944491546724391,6.3398500028846252,6.3398500028846243,0
"11,3",427,4,1218,4,4,4.3944491546724391,6.3398500028846252,6.3398500028846243,0
"11,3",428,4,834,4,4,4.3944491546724391,6.3398500028846252,6.3398500028846243,0
"11,3",429,4,1346,4,4,4.3944491546724391,6.3398500028846252,6.3398500028846243,0
"11,3",430,4,1602,4,4,4.3944491546724391,6.3398500028846252,6.3398500028846243,0
"11,3",431,4,898,4,4,4.3944491546724391,6.3398500028846252,6.3398500028846243,0
"11,3",432,4,1410,4,4,4.3944491546724391,6.3398500028846252,6.3398500028846243,0
"11,3",433,4,1666,4,4,4.3944491546724391,6.3398500028846252,6.3398500028846243,0
"11,3",434,4,1794,4,4,4.3944491546724391,6.3398500028846252,6.3398500028846243,0
"11,3",435,4,60,4,4,4.3944491546724391,6.3398500028846252,6.3398500028846243,0
"11,3",436,4,92,4,4,4.3944491546724391,6.3398500028846252,6.3398500028846243,0
"11,3",437,4,156,4,4,4.3944491546724391,6.3398500028846252,6.3398500028846243,0
"11,3",438,4,284,4,4,4.3944491546724391,6.3398500028846252,6.3398500028846243,0
"11,3",439,4,540,4,4,4.3944491546724391,6.3398500028846252,6.3398500028846243,0
"11,3",440,4,1052,4,4,4.3944491546724391,6.3398500028846252,6.3398500028846243,0
"11,3",441,4,108,4,4,4.3944491546724391,6.3398500028846252,6.3398500028846243,0
"11,3",442,4,172,4,4,4.3944491546724391,6.3398500028846252,6.3398500028846243,0
"11,3",443,4,300,4,4,4.3944491546724391,6.3398500028846252,6.3398500028846243,0
"11,3",444,4,556,4,4,4.3944491546724391,6.3398500028846252,6.3398500028846243,0
"11,3",445,4,1068,4,4,4.3944491546724391,6.3398500028846252,6.3398500028846243,0
"11,3",446,4,204,4,4,4.3944491546724391,6.3398500028846252,6.3398500028846243,0
"11,3",447,4,332,4,4,4.3944491546724391,6.3398500028846252,6.3398500028846243,0
"11,3",448,4,588,4,4,4.3944491546724391,6.3398500028846252,6.3398500028846243,0
"11,3",449,4,1100,4,4,4.3944491546724391,6.3398500028846252,6.3398500028846243,0
"11,3",450,4,396,4,4,4.3944491546724391,6.3398500028846252,6.3398500028846243,0
"11,3",451,4,652,4,4,4.3944491546724391,6.3398500028846252,6.3398500028846243,0
"11,3",452,4,1164,4,4,4.3944491546724391,6.3398500028846252,6.3398500028846243,0
"11,3",453,4,780,4,4,4.3944491546724391,6.3398500028846252,6.3398500028846243,0
"11,3",454,4,1292,4,4,4.3944491546724391,6.3398500028846252,6.3398500028846243,0
"11,3",455,4,1548,4,4,4.3944491546724391,6.3398500028846252,6.3398500028846243,0
"11,3",456,4,116,4,4,4.3944491546724391,6.3398500028846252,6.3398500028846243,0
"11,3",457,4,180,4,4,4.3944491546724391,6.3398500028846252,6.3398500028846243,0
"11,3",458,4,308,4,4,4.3944491546724391,6.3398500028846252,6.3398500028846243,0
"11,3",459,4,564,4,4,4.3944491546724391,6.3398500028846252,6.3398500028846243,0
"11,3",460,4,1076,4,4,4.3944491546724391,6.3398500028846252,6.3398500028846243,0
"11,3",461,4,212,4,4,4.3944491546724391,6.3398500028846252,6.3398500028846243,0
"11,3",462,4,340,4,4,4.3944491546724391,6.3398500028846252,6.3398500028846243,0
"11,3",463,4,596,4,4,4.3944491546724391,6.3398500028846252,6.3398500028846243,0
"11,3",464,4,1108,4,4,4.3944491546724391,6.3398500028846252,6.3398500028846243,0
"11,3",465,4,404,4,4,4.3944491546724391,6.3398500028846252,6.3398500028846243,0
"11,3",466,4,660,4,4,4.3944491546724391,6.3398500028846252,6.3398500028846243,0
"11,3",467,4,1172,4,4,4.3944491546724391,6.3398500028846252,6.3398500028846243,0
"11,3",468,4,788,4,4,4.3944491546724391,6.3398500028846252,6.3398500028846243,0
"11,3",469,4,1300,4,4,4.3944491546724391,6.3398500028846252,6.3398500028846243,0
"11,3",470,4,1556,4,4,4.3944491546724391,6.3398500028846252,6.3398500028846243,0
"11,3",471,4,228,4,4,4.3944491546724391,6.3398500028846252,6.3398500028846243,0
"11,3",472,4,356,4,4,4.3944491546724391,6.3398500028846252,6.3398500028846243,0
"11,3",473,4,612,4,4,4.3944491546724391,6.3398500028846252,6.3398500028846243,0
"11,3",474,4,1124,4,4,4.3944491546724391,6.3398500028846252,6.3398500028846243,0
"11,3",475,4,420,4,4,4.3944491546724391,6.3398500028846252,6.3398500028846243,0
"11,3",476,4,676,4,4,4.3944491546724391,6.3398500028846252,6.3398500028846243,0
"11,3",477,4,1188,4,4,4.3944491546724391,6.3398500028846252,6.3398500028846243,0
"11,3",478,4,804,4,4,4.3944491546724391,6.3398500028846252,6.3398500028846243,0
"11,3",479,4,1316,4,4,4.3944491546724391,6.3398500028846252,6.3398500028846243,0
"11,3",480,4,1572,4,4,4.3944491546724391,6.3398500028846252,6.3398500028846243,0
"11,3",481,4,452,4,4,4.3944491546724391,6.3398500028846252,6.3398500028846243,0
"11,3",482,4,708,4,4,4.3944491546724391,6.3398500028846252,6.3398500028846243,0
"11,3",483,4,1220,4,4,4.3944491546724391,6.3398500028846252,6.3398500028846243,0
"11,3",484,4,836,4,4,4.3944491546724391,6.3398500028846252,6.3398500028846243,0
"11,3",485,4,1348,4,4,4.3944491546724391,6.3398500028846252,6.3398500028846243,0
"11,3",486,4,1604,4,4,4.3944491546724391,6.3398500028846252,6.3398500028846243,0
"11,3",487,4,900,4,4,4.3944491546724391,6.3398500028846252,6.3398500028846243,0
"11,3",488,4,1412,4,4,4.3944491546724391,6.3398500028846252,6.3398500028846243,0
"11,3",489,4,1668,4,4,4.3944491546724391,6.3398500028846252,6.3398500028846243,0
"11,3",490,4,1796,4,4,4.3944491546724391,6.3398500028846252,6.3398500028846243,0
"11,3",491,4,120,4,4,4.3944491546724391,6.3398500028846252,6.3398500028846243,0
"11,3",492,4,184,4,4,4.3944491546724391,6.3398500028846252,6.3398500028846243,0
"11,3",493,4,312,4,4,4.3944491546724391,6.3398500028846252,6.3398500028846243,0
"11,3",494,4,568,4,4,4.3944491546724391,6.3398500028846252,6.3398500028846243,0
"11,3",495,4,1080,4,4,4.3944491546724391,6.3398500028846252,6.3398500028846243,0
"11,3",496,4,216,4,4,4.3944491546724391,6.3398500028846252,6.3398500028846243,0
"11,3",497,4,344,4,4,4.3944491546724391,6.3398500028846252,6.3398500028846243,0
"11,3",498,4,600,4,4,4.3944491546724391,6.3398500028846252,6.3398500028846243,0
"11,3",499,4,1112,4,4,4.3944491546724391,6.3398500028846252,6.3398500028846243,0
"11,3",500,4,408,4,4,4.3944491546724391,6.3398500028846252,6.3398500028846243,0
"11,3",501,4,664,4,4,4.3944491546724391,6.3398500028846252,6.3398500028846243,0
"11,3",502,4,1176,4,4,4.3944491546724391,6.3398500028846252,6.3398500028846243,0
"11,3",503,4,792,4,4,4.3944491546724391,6.3398500028846252,6.3398500028846243,0
"11,3",504,4,1304,4,4,4.3944491546724391,6.3398500028846252,6.3398500028846243,0
"11,3",505,4,1560,4,4,4.3944491546724391,6.3398500028846252,6.3398500028846243,0
"11,3",506,4,232,4,4,4.3944491546724391,6.3398500028846252,6.3398500028846243,0
"11,3",507,4,360,4,4,4.3944491546724391,6.3398500028846252,6.3398500028846243,0
"11,3",508,4,616,4,4,4.3944491546724391,6.3398500028846252,6.3398500028846243,0
"11,3",509,4,1128,4,4,4.3944491546724391,6.3398500028846252,6.3398500028846243,0
"11,3",510,4,424,4,4,4.3944491546724391,6.3398500028846252,6.3398500028846243,0
"11,3",511,4,680,4,4,4.3944491546724391,6.3398500028846252,6.3398500028846243,0
"11,3",512,4,1192,4,4,4.3944491546724391,6.3398500028846252,6.3398500028846243,0
"11,3",513,4,808,4,4,4.3944491546724391,6.3398500028846252,6.3398500028846243,0
"11,3",514,4,1320,4,4,4.3944491546724391,6.3398500028846252,6.3398500028846243,0
"11,3",515,4,1576,4,4,4.3944491546724391,6.3398500028846252,6.3398500028846243,0
"11,3",516,4,456,4,4,4.3944491546724391,6.3398500028846252,6.3398500028846243,0
"11,3",517,4,712,4,4,4.3944491546724391,6.3398500028846252,6.3398500028846243,0
"11,3",518,4,1224,4,4,4.3944491546724391,6.3398500028846252,6.3398500028846243,0
"11,3",519,4,840,4,4,4.3944491546724391,6.3398500028846252,6.3398500028846243,0
"11,3",520,4,1352,4,4,4.3944491546724391,6.3398500028846252,6.3398500028846243,0
"11,3",521,4,1608,4,4,4.3944491546724391,6.3398500028846252,6.3398500028846243,0
"11,3",522,4,904,4,4,4.3944491546724391,6.3398500028846252,6.3398500028846243,0
"11,3",523,4,1416,4,4,4.3944491546724391,6.3398500028846252,6.3398500028846243,0
"11,3",524,4,1672,4,4,4.3944491546724391,6.3398500028846252,6.3398500028846243,0
"11,3",525,4,1800,4,4,4.3944491546724391,6.3398500028846252,6.3398500028846243,0
"11,3",526,4,240,4,4,4.3944491546724391,6.3398500028846252,6.3398500028846243,0
"11,3",527,4,368,4,4,4.3944491546724391,6.3398500028846252,6.3398500028846243,0
"11,3",528,4,624,4,4,4.3944491546724391,6.3398500028846252,6.3398500028846243,0
"11,3",529,4,1136,4,4,4.3944491546724391,6.3398500028846252,6.3398500028846243,0
"11,3",530,4,432,4,4,4.3944491546724391,6.3398500028846252,6.3398500028846243,0
"11,3",531,4,688,4,4,4.3944491546724391,6.3398500028846252,6.3398500028846243,0
"11,3",532,4,1200,4,4,4.3944491546724391,6.3398500028846252,6.3398500028846243,0
"11,3",533,4,816,4,4,4.3944491546724391,6.3398500028846252,6.3398500028846243,0
"11,3",534,4,1328,4,4,4.3944491546724391,6.3398500028846252,6.3398500028846243,0
"11,3",535,4,1584,4,4,4.3944491546724391,6.3398500028846252,6.3398500028846243,0
"11,3",536,4,464,4,4,4.3944491546724391,6.3398500028846252,6.3398500028846243,0
"11,3",537,4,720,4,4,4.3944491546724391,6.3398500028846252,6.3398500028846243,0
"11,3",538,4,1232,4,4,4.3944491546724391,6.3398500028846252,6.3398500028846243,0
"11,3",539,4,848,4,4,4.3944491546724391,6.3398500028846252,6.3398500028846243,0
"11,3",540,4,1360,4,4,4.3944491546724391,6.3398500028846252,6.3398500028846243,0
"11,3",541,4,1616,4,4,4.3944491546724391,6.3398500028846252,6.3398500028846243,0
"11,3",542,4,912,4,4,4.3944491546724391,6.3398500028846252,6.3398500028846243,0
"11,3",543,4,1424,4,4,4.3944491546724391,6.3398500028846252,6.3398500028846243,0
"11,3",544,4,1680,4,4,4.3944491546724391,6.3398500028846252,6.3398500028846243,0
"11,3",545,4,1808,4,4,4.3944491546724391,6.3398500028846252,6.3398500028846243,0
"11,3",546,4,480,4,4,4.3944491546724391,6.3398500028846252,6.3398500028846243,0
"11,3",547,4,736,4,4,4.3944491546724391,6.3398500028846252,6.3398500028846243,0
"11,3",548,4,1248,4,4,4.3944491546724391,6.3398500028846252,6.3398500028846243,0
"11,3",549,4,864,4,4,4.3944491546724391,6.3398500028846252,6.3398500028846243,0
"11,3",550,4,1376,4,4,4.3944491546724391,6.3398500028846252,6.3398500028846243,0
"11,3",551,4,1632,4,4,4.3944491546724391,6.3398500028846252,6.3398500028846243,0
"11,3",552,4,928,4,4,4.3944491546724391,6.3398500028846252,6.3398500028846243,0
"11,3",553,4,1440,4,4,4.3944491546724391,6.3398500028846252,6.3398500028846243,0
"11,3",554,4,1696,4,4,4.3944491546724391,6.3398500028846252,6.3398500028846243,0
"11,3",555,4,1824,4,4,4.3944491546724391,6.3398500028846252,6.3398500028846243,0
"11,3",556,4,960,4,4,4.3944491546724391,6.3398500028846252,6.3398500028846243,0
"11,3",557,4,1472,4,4,4.3944491546724391,6.3398500028846252,6.3398500028846243,0
"11,3",558,4,1728,4,4,4.3944491546724391,6.3398500028846252,6.3398500028846243,0
"11,3",559,4,1856,4,4,4.3944491546724391,6.3398500028846252,6.3398500028846243,0
"11,3",560,4,1920,4,4,4.3944491546724391,6.3398500028846252,6.3398500028846243,0
"11,3",561,5,31,5,5,5.4930614433405491,7.9248125036057822,7.9248125036057804,0
"11,3",562,5,47,5,5,5.4930614433405491,7.9248125036057822,7.9248125036057804,0
"11,3",563,5,79,5,5,5.4930614433405491,7.9248125036057822,7.9248125036057804,0
"11,3",564,5,143,5,5,5.4930614433405491,7.9248125036057822,7.9248125036057804,0
"11,3",565,5,271,5,5,5.4930614433405491,7.9248125036057822,7.9248125036057804,0
"11,3",566,5,527,5,5,5.4930614433405491,7.9248125036057822,7.9248125036057804,0
"11,3",567,5,1039,5,5,5.4930614433405491,7.9248125036057822,7.9248125036057804,0
"11,3",568,5,55,5,5,5.4930614433405491,7.9248125036057822,7.9248125036057804,0
"11,3",569,5,87,5,5,5.4930614433405491,7.9248125036057822,7.9248125036057804,0
"11,3",570,5,151,5,5,5.4930614433405491,7.9248125036057822,7.9248125036057804,0
"11,3",571,5,279,5,5,5.4930614433405491,7.9248125036057822,7.9248125036057804,0
"11,3",572,5,535,5,5,5.4930614433405491,7.9248125036057822,7.9248125036057804,0
"11,3",573,5,1047,5,5,5.4930614433405491,7.9248125036057822,7.9248125036057804,0
"11,3",574,5,103,5,5,5.4930614433405491,7.9248125036057822,7.9248125036057804,0
"11,3",575,5,167,5,5,5.4930614433405491,7.9248125036057822,7.9248125036057804,0
"11,3",576,5,295,5,5,5.4930614433405491,7.9248125036057822,7.9248125036057804,0
"11,3",577,5,551,5,5,5.4930614433405491,7.9248125036057822,7.9248125036057804,0
"11,3",578,5,1063,5,5,5.4930614433405491,7.9248125036057822,7.9248125036057804,0
"11,3",579,5,199,5,5,5.4930614433405491,7.9248125036057822,7.9248125036057804,0
"11,3",580,5,327,5,5,5.4930614433405491,7.9248125036057822,7.9248125036057804,0
"11,3",581,5,583,5,5,5.4930614433405491,7.9248125036057822,7.9248125036057804,0
"11,3",582,5,1095,5,5,5.4930614433405491,7.9248125036057822,7.9248125036057804,0
"11,3",583,5,391,5,5,5.4930614433405491,7.9248125036057822,7.9248125036057804,0
"11,3",584,5,647,5,5,5.4930614433405491,7.9248125036057822,7.9248125036057804,0
"11,3",585,5,1159,5,5,5.4930614433405491,7.9248125036057822,7.9248125036057804,0
"11,3",586,5,775,5,5,5.4930614433405491,7.9248125036057822,7.9248125036057804,0
"11,3",587,5,1287,5,5,5.4930614433405491,7.9248125036057822,7.9248125036057804,0
"11,3",588,5,1543,5,5,5.4930614433405491,7.9248125036057822,7.9248125036057804,0
"11,3",589,5,59,5,5,5.4930614433405491,7.9248125036057822,7.9248125036057804,0
"11,3",590,5,91,5,5,5.4930614433405491,7.9248125036057822,7.9248125036057804,0
"11,3",591,5,155,5,5,5.4930614433405491,7.9248125036057822,7.9248125036057804,0
"11,3",592,5,283,5,5,5.4930614433405491,7.9248125036057822,7.9248125036057804,0
"11,3",593,5,539,4,5,4.3944491546724391,6.3398500028846252,7.9248125036057804,1
"11,3",594,5,1051,5,5,5.4930614433405491,7.9248125036057822,7.9248125036057804,0
"11,3",595,5,107,5,5,5.4930614433405491,7.9248125036057822,7.9248125036057804,0
"11,3",596,5,171,5,5,5.4930614433405491,7.9248125036057822,7.9248125036057804,0
"11,3",597,5,299,5,5,5.4930614433405491,7.9248125036057822,7.9248125036057804,0
"11,3",598,5,555,5,5,5.4930614433405491,7.9248125036057822,7.9248125036057804,0
"11,3",599,5,1067,5,5,5.4930614433405491,7.9248125036057822,7.9248125036057804,0
"11,3",600,5,203,5,5,5.4930614433405491,7.9248125036057822,7.9248125036057804,0
"11,3",601,5,331,5,5,5.4930614433405491,7.9248125036057822,7.9248125036057804,0
"11,3",602,5,587,5,5,5.4930614433405491,7.9248125036057822,7.9248125036057804,0
"11,3",603,5,1099,5,5,5.4930614433405491,7.9248125036057822,7.9248125036057804,0
"11,3",604,5,395,5,5,5.4930614433405491,7.9248125036057822,7.9248125036057804,0
"11,3",605,5,651,5,5,5.4930614433405491,7.9248125036057822,7.9248125036057804,0
"11,3",606,5,1163,4,5,4.3944491546724391,6.3398500028846252,7.9248125036057804,1
"11,3",607,5,779,5,5,5.4930614433405491,7.9248125036057822,7.9248125036057804,0
"11,3",608,5,1291,5,5,5.4930614433405491,7.9248125036057822,7.9248125036057804,0
"11,3",609,5,1547,5,5,5.4930614433405491,7.9248125036057822,7.9248125036057804,0
"11,3",610,5,115,5,5,5.4930614433405491,7.9248125036057822,7.9248125036057804,0
"11,3",611,5,179,5,5,5.4930614433405491,7.9248125036057822,7.9248125036057804,0
"11,3",612,5,307,4,5,4.3944491546724391,6.3398500028846252,7.9248125036057804,1
"11,3",613,5,563,5,5,5.4930614433405491,7.9248125036057822,7.9248125036057804,0
"11,3",614,5,1075,5,5,5.4930614433405491,7.9248125036057822,7.9248125036057804,0
"11,3",615,5,211,5,5,5.4930614433405491,7.9248125036057822,7.9248125036057804,0
"11,3",616,5,339,5,5,5.4930614433405491,7.9248125036057822,7.9248125036057804,0
"11,3",617,5,595,5,5,5.4930614433405491,7.9248125036057822,7.9248125036057804,0
"11,3",618,5,1107,5,5,5.4930614433405491,7.9248125036057822,7.9248125036057804,0
"11,3",619,5,403,5,5,5.4930614433405491,7.9248125036057822,7.9248125036057804,0
"11,3",620,5,659,5,5,5.4930614433405491,7.9248125036057822,7.9248125036057804,0
"11,3",621,5,1171,5,5,5.4930614433405491,7.9248125036057822,7.9248125036057804,0
"11,3",622,5,787,5,5,5.4930614433405491,7.9248125036057822,7.9248125036057804,0
"11,3",623,5,1299,5,5,5.4930614433405491,7.9248125036057822,7.9248125036057804,0
"11,3",624,5,1555,5,5,5.4930614433405491,7.9248125036057822,7.9248125036057804,0
"11,3",625,5,227,5,5,5.4930614433405491,7.9248125036057822,7.9248125036057804,0
"11,3",626,5,355,5,5,5.4930614433405491,7.9248125036057822,7.9248125036057804,0
"11,3",627,5,611,5,5,5.4930614433405491,7.9248125036057822,7.9248125036057804,0
"11,3",628,5,1123,5,5,5.4930614433405491,7.9248125036057822,7.9248125036057804,0
"11,3",629,5,419,5,5,5.4930614433405491,7.9248125036057822,7.9248125036057804,0
"11,3",630,5,675,5,5,5.4930614433405491,7.9248125036057822,7.9248125036057804,0
"11,3",631,5,1187,5,5,5.4930614433405491,7.9248125036057822,7.9248125036057804,0
"11,3",632,5,803,5,5,5.4930614433405491,7.9248125036057822,7.9248125036057804,0
"11,3",633,5,1315,5,5,5.4930614433405491,7.9248125036057822,7.9248125036057804,0
"11,3",634,5,1571,5,5,5.4930614433405491,7.9248125036057822,7.9248125036057804,0
"11,3",635,5,451,5,5,5.4930614433405491,7.9248125036057822,7.9248125036057804,0
"11,3",636,5,707,5,5,5.4930614433405491,7.9248125036057822,7.9248125036057804,0
"11,3",637,5,1219,5,5,5.4930614433405491,7.9248125036057822,7.9248125036057804,0
"11,3",638,5,835,5,5,5.4930614433405491,7.9248125036057822,7.9248125036057804,0
"11,3",639,5,1347,5,5,5.4930614433405491,7.9248125036057822,7.9248125036057804,0
"11,3",640,5,1603,5,5,5.4930614433405491,7.9248125036057822,7.9248125036057804,0
"11,3",641,5,899,4,5,4.3944491546724391,6.3398500028846252,7.9248125036057804,1
"11,3",642,5,1411,5,5,5.4930614433405491,7.9248125036057822,7.9248125036057804,0
"11,3",643,5,1667,5,5,5.4930614433405491,7.9248125036057822,7.9248125036057804,0
"11,3",644,5,1795,5,5,5.4930614433405491,7.9248125036057822,7.9248125036057804,0
"11,3",645,5,61,5,5,5.4930614433405491,7.9248125036057822,7.9248125036057804,0
"11,3",646,5,93,5,5,5.4930614433405491,7.9248125036057822,7.9248125036057804,0
"11,3",647,5,157,5,5,5.4930614433405491,7.9248125036057822,7.9248125036057804,0
"11,3",648,5,285,5,5,5.4930614433405491,7.9248125036057822,7.9248125036057804,0
"11,3",649,5,541,5,5,5.4930614433405491,7.9248125036057822,7.9248125036057804,0
"11,3",650,5,1053,5,5,5.4930614433405491,7.9248125036057822,7.9248125036057804,0
"11,3",651,5,109,5,5,5.4930614433405491,7.9248125036057822,7.9248125036057804,0
"11,3",652,5,173,5,5,5.4930614433405491,7.9248125036057822,7.9248125036057804,0
"11,3",653,5,301,5,5,5.4930614433405491,7.9248125036057822,7.9248125036057804,0
"11,3",654,5,557,5,5,5.4930614433405491,7.9248125036057822,7.9248125036057804,0
"11,3",655,5,1069,5,5,5.4930614433405491,7.9248125036057822,7.9248125036057804,0
"11,3",656,5,205,5,5,5.4930614433405491,7.9248125036057822,7.9248125036057804,0
"11,3",657,5,333,4,5,4.3944491546724391,6.3398500028846252,7.9248125036057804,1
"11,3",658,5,589,5,5,5.4930614433405491,7.9248125036057822,7.9248125036057804,0
"11,3",659,5,1101,5,5,5.4930614433405491,7.9248125036057822,7.9248125036057804,0
"11,3",660,5,397,5,5,5.4930614433405491,7.9248125036057822,7.9248125036057804,0
"11,3",661,5,653,5,5,5.4930614433405491,7.9248125036057822,7.9248125036057804,0
"11,3",662,5,1165,5,5,5.4930614433405491,7.9248125036057822,7.9248125036057804,0
"11,3",663,5,781,5,5,5.4930614433405491,7.9248125036057822,7.9248125036057804,0
"11,3",664,5,1293,5,5,5.4930614433405491,7.9248125036057822,7.9248125036057804,0
"11,3",665,5,1549,5,5,5.4930614433405491,7.9248125036057822,7.9248125036057804,0
"11,3",666,5,117,5,5,5.4930614433405491,7.9248125036057822,7.9248125036057804,0
"11,3",667,5,181,5,5,5.4930614433405491,7.9248125036057822,7.9248125036057804,0
"11,3",668,5,309,5,5,5.4930614433405491,7.9248125036057822,7.9248125036057804,0
"11,3",669,5,565,5,5,5.4930614433405491,7.9248125036057822,7.9248125036057804,0
"11,3",670,5,1077,5,5,5.4930614433405491,7.9248125036057822,7.9248125036057804,0
"11,3",671,5,213,5,5,5.4930614433405491,7.9248125036057822,7.9248125036057804,0
"11,3",672,5,341,5,5,5.4930614433405491,7.9248125036057822,7.9248125036057804,0
"11,3",673,5,597,5,5,5.4930614433405491,7.9248125036057822,7.9248125036057804,0
"11,3",674,5,1109,5,5,5.4930614433405491,7.9248125036057822,7.9248125036057804,0
"11,3",675,5,405,5,5,5.4930614433405491,7.9248125036057822,7.9248125036057804,0
"11,3",676,5,661,5,5,5.4930614433405491,7.9248125036057822,7.9248125036057804,0
"11,3",677,5,1173,5,5,5.4930614433405491,7.9248125036057822,7.9248125036057804,0
"11,3",678,5,789,5,5,5.4930614433405491,7.9248125036057822,7.9248125036057804,0
"11,3",679,5,1301,5,5,5.4930614433405491,7.9248125036057822,7.9248125036057804,0
"11,3",680,5,1557,5,5,5.4930614433405491,7.9248125036057822,7.9248125036057804,0
"11,3",681,5,229,5,5,5.4930614433405491,7.9248125036057822,7.9248125036057804,0
"11,3",682,5,357,5,5,5.4930614433405491,7.9248125036057822,7.9248125036057804,0
"11,3",683,5,613,5,5,5.4930614433405491,7.9248125036057822,7.9248125036057804,0
"11,3",684,5,1125,5,5,5.4930614433405491,7.9248125036057822,7.9248125036057804,0
"11,3",685,5,421,5,5,5.4930614433405491,7.9248125036057822,7.9248125036057804,0
"11,3",686,5,677,5,5,5.4930614433405491,7.9248125036057822,7.9248125036057804,0
"11,3",687,5,1189,5,5,5.4930614433405491,7.9248125036057822,7.9248125036057804,0
"11,3",688,5,805,5,5,5.4930614433405491,7.9248125036057822,7.9248125036057804,0
"11,3",689,5,1317,5,5,5.4930614433405491,7.9248125036057822,7.9248125036057804,0
"11,3",690,5,1573,5,5,5.4930614433405491,7.9248125036057822,7.9248125036057804,0
"11,3",691,5,453,5,5,5.4930614433405491,7.9248125036057822,7.9248125036057804,0
"11,3",692,5,709,5,5,5.4930614433405491,7.9248125036057822,7.9248125036057804,0
"11,3",693,5,1221,5,5,5.4930614433405491,7.9248125036057822,7.9248125036057804,0
"11,3",694,5,837,5,5,5.4930614433405491,7.9248125036057822,7.9248125036057804,0
"11,3",695,5,1349,5,5,5.4930614433405491,7.9248125036057822,7.9248125036057804,0
"11,3",696,5,1605,5,5,5.4930614433405491,7.9248125036057822,7.9248125036057804,0
"11,3",697,5,901,5,5,5.4930614433405491,7.9248125036057822,7.9248125036057804,0
"11,3",698,5,1413,5,5,5.4930614433405491,7.9248125036057822,7.9248125036057804,0
"11,3",699,5,1669,5,5,5.4930614433405491,7.9248125036057822,7.9248125036057804,0
"11,3",700,5,1797,5,5,5.4930614433405491,7.9248125036057822,7.9248125036057804,0
"11,3",701,5,121,5,5,5.4930614433405491,7.9248125036057822,7.9248125036057804,0
"11,3",702,5,185,4,5,4.3944491546724391,6.3398500028846252,7.9248125036057804,1
"11,3",703,5,313,5,5,5.4930614433405491,7.9248125036057822,7.9248125036057804,0
"11,3",704,5,569,5,5,5.4930614433405491,7.9248125036057822,7.9248125036057804,0
"11,3",705,5,1081,5,5,5.4930614433405491,7.9248125036057822,7.9248125036057804,0
"11,3",706,5,217,5,5,5.4930614433405491,7.9248125036057822,7.9248125036057804,0
"11,3",707,5,345,5,5,5.4930614433405491,7.9248125036057822,7.9248125036057804,0
"11,3",708,5,601,5,5,5.4930614433405491,7.9248125036057822,7.9248125036057804,0
"11,3",709,5,1113,5,5,5.4930614433405491,7.9248125036057822,7.9248125036057804,0
"11,3",710,5,409,5,5,5.4930614433405491,7.9248125036057822,7.9248125036057804,0
"11,3",711,5,665,5,5,5.4930614433405491,7.9248125036057822,7.9248125036057804,0
"11,3",712,5,1177,5,5,5.4930614433405491,7.9248125036057822,7.9248125036057804,0
"11,3",713,5,793,5,5,5.4930614433405491,7.9248125036057822,7.9248125036057804,0
"11,3",714,5,1305,5,5,5.4930614433405491,7.9248125036057822,7.9248125036057804,0
"11,3",715,5,1561,5,5,5.4930614433405491,7.9248125036057822,7.9248125036057804,0
"11,3",716,5,233,5,5,5.4930614433405491,7.9248125036057822,7.9248125036057804,0
"11,3",717,5,361,5,5,5.4930614433405491,7.9248125036057822,7.9248125036057804,0
"11,3",718,5,617,5,5,5.4930614433405491,7.9248125036057822,7.9248125036057804,0
"11,3",719,5,1129,5,5,5.4930614433405491,7.9248125036057822,7.9248125036057804,0
"11,3",720,5,425,5,5,5.4930614433405491,7.9248125036057822,7.9248125036057804,0
"11,3",721,5,681,5,5,5.4930614433405491,7.9248125036057822,7.9248125036057804,0
"11,3",722,5,1193,5,5,5.4930614433405491,7.9248125036057822,7.9248125036057804,0
"11,3",723,5,809,5,5,5.4930614433405491,7.9248125036057822,7.9248125036057804,0
"11,3",724,5,1321,5,5,5.4930614433405491,7.9248125036057822,7.9248125036057804,0
"11,3",725,5,1577,5,5,5.4930614433405491,7.9248125036057822,7.9248125036057804,0
"11,3",726,5,457,5,5,5.4930614433405491,7.9248125036057822,7.9248125036057804,0
"11,3",727,5,713,5,5,5.4930614433405491,7.9248125036057822,7.9248125036057804,0
"11,3",728,5,1225,5,5,5.4930614433405491,7.9248125036057822,7.9248125036057804,0
"11,3",729,5,841,5,5,5.4930614433405491,7.9248125036057822,7.9248125036057804,0
"11,3",730,5,1353,5,5,5.4930614433405491,7.9248125036057822,7.9248125036057804,0
"11,3",731,5,1609,5,5,5.4930614433405491,7.9248125036057822,7.9248125036057804,0
"11,3",732,5,905,5,5,5.4930614433405491,7.9248125036057822,7.9248125036057804,0
"11,3",733,5,1417,5,5,5.4930614433405491,7.9248125036057822,7.9248125036057804,0
"11,3",734,5,1673,5,5,5.4930614433405491,7.9248125036057822,7.9248125036057804,0
"11,3",735,5,1801,5,5,5.4930614433405491,7.9248125036057822,7.9248125036057804,0
"11,3",736,5,241,5,5,5.4930614433405491,7.9248125036057822,7.9248125036057804,0
"11,3",737,5,369,5,5,5.4930614433405491,7.9248125036057822,7.9248125036057804,0
"11,3",738,5,625,5,5,5.4930614433405491,7.9248125036057822,7.9248125036057804,0
"11,3",739,5,1137,5,5,5.4930614433405491,7.9248125036057822,7.9248125036057804,0
"11,3",740,5,433,5,5,5.4930614433405491,7.9248125036057822,7.9248125036057804,0
"11,3",741,5,689,5,5,5.4930614433405491,7.9248125036057822,7.9248125036057804,0
"11,3",742,5,1201,5,5,5.4930614433405491,7.9248125036057822,7.9248125036057804,0
"11,3",743,5,817,5,5,5.4930614433405491,7.9248125036057822,7.9248125036057804,0
"11,3",744,5,1329,5,5,5.4930614433405491,7.9248125036057822,7.9248125036057804,0
"11,3",745,5,1585,5,5,5.4930614433405491,7.9248125036057822,7.9248125036057804,0
"11,3",746,5,465,5,5,5.4930614433405491,7.9248125036057822,7.9248125036057804,0
"11,3",747,5,721,5,5,5.4930614433405491,7.9248125036057822,7.9248125036057804,0
"11,3",748,5,1233,5,5,5.4930614433405491,7.9248125036057822,7.9248125036057804,0
"11,3",749,5,849,5,5,5.4930614433405491,7.9248125036057822,7.9248125036057804,0
"11,3",750,5,1361,5,5,5.4930614433405491,7.9248125036057822,7.9248125036057804,0
"11,3",751,5,1617,5,5,5.4930614433405491,7.9248125036057822,7.9248125036057804,0
"11,3",752,5,913,5,5,5.4930614433405491,7.9248125036057822,7.9248125036057804,0
"11,3",753,5,1425,4,5,4.3944491546724391,6.3398500028846252,7.9248125036057804,1
"11,3",754,5,1681,5,5,5.4930614433405491,7.9248125036057822,7.9248125036057804,0
"11,3",755,5,1809,5,5,5.4930614433405491,7.9248125036057822,7.9248125036057804,0
"11,3",756,5,481,5,5,5.4930614433405491,7.9248125036057822,7.9248125036057804,0
"11,3",757,5,737,5,5,5.4930614433405491,7.9248125036057822,7.9248125036057804,0
"11,3",758,5,1249,5,5,5.4930614433405491,7.9248125036057822,7.9248125036057804,0
"11,3",759,5,865,5,5,5.4930614433405491,7.9248125036057822,7.9248125036057804,0
"11,3",760,5,1377,5,5,5.4930614433405491,7.9248125036057822,7.9248125036057804,0
"11,3",761,5,1633,5,5,5.4930614433405491,7.9248125036057822,7.9248125036057804,0
"11,3",762,5,929,5,5,5.4930614433405491,7.9248125036057822,7.9248125036057804,0
"11,3",763,5,1441,5,5,5.4930614433405491,7.9248125036057822,7.9248125036057804,0
"11,3",764,5,1697,5,5,5.4930614433405491,7.9248125036057822,7.9248125036057804,0
"11,3",765,5,1825,5,5,5.4930614433405491,7.9248125036057822,7.9248125036057804,0
"11,3",766,5,961,5,5,5.4930614433405491,7.9248125036057822,7.9248125036057804,0
"11,3",767,5,1473,5,5,5.4930614433405491,7.9248125036057822,7.9248125036057804,0
"11,3",768,5,1729,5,5,5.4930614433405491,7.9248125036057822,7.9248125036057804,0
"11,3",769,5,1857,5,5,5.4930614433405491,7.9248125036057822,7.9248125036057804,0
"11,3",770,5,1921,5,5,5.4930614433405491,7.9248125036057822,7.9248125036057804,0
"11,3",771,5,62,5,5,5.4930614433405491,7.9248125036057822,7.9248125036057804,0
"11,3",772,5,94,5,5,5.4930614433405491,7.9248125036057822,7.9248125036057804,0
"11,3",773,5,158,5,5,5.4930614433405491,7.9248125036057822,7.9248125036057804,0
"11,3",774,5,286,5,5,5.4930614433405491,7.9248125036057822,7.9248125036057804,0
"11,3",775,5,542,5,5,5.4930614433405491,7.9248125036057822,7.9248125036057804,0
"11,3",776,5,1054,5,5,5.4930614433405491,7.9248125036057822,7.9248125036057804,0
"11,3",777,5,110,5,5,5.4930614433405491,7.9248125036057822,7.9248125036057804,0
"11,3",778,5,174,5,5,5.4930614433405491,7.9248125036057822,7.9248125036057804,0
"11,3",779,5,302,5,5,5.4930614433405491,7.9248125036057822,7.9248125036057804,0
"11,3",780,5,558,5,5,5.4930614433405491,7.9248125036057822,7.9248125036057804,0
"11,3",781,5,1070,5,5,5.4930614433405491,7.9248125036057822,7.9248125036057804,0
"11,3",782,5,206,5,5,5.4930614433405491,7.9248125036057822,7.9248125036057804,0
"11,3",783,5,334,5,5,5.4930614433405491,7.9248125036057822,7.9248125036057804,0
"11,3",784,5,590,5,5,5.4930614433405491,7.9248125036057822,7.9248125036057804,0
"11,3",785,5,1102,5,5,5.4930614433405491,7.9248125036057822,7.9248125036057804,0
"11,3",786,5,398,5,5,5.4930614433405491,7.9248125036057822,7.9248125036057804,0
"11,3",787,5,654,5,5,5.4930614433405491,7.9248125036057822,7.9248125036057804,0
"11,3",788,5,1166,5,5,5.4930614433405491,7.9248125036057822,7.9248125036057804,0
"11,3",789,5,782,5,5,5.4930614433405491,7.9248125036057822,7.9248125036057804,0
"11,3",790,5,1294,5,5,5.4930614433405491,7.9248125036057822,7.9248125036057804,0
"11,3",791,5,1550,5,5,5.4930614433405491,7.9248125036057822,7.9248125036057804,0
"11,3",792,5,118,5,5,5.4930614433405491,7.9248125036057822,7.9248125036057804,0
"11,3",793,5,182,5,5,5.4930614433405491,7.9248125036057822,7.9248125036057804,0
"11,3",794,5,310,5,5,5.4930614433405491,7.9248125036057822,7.9248125036057804,0
"11,3",795,5,566,5,5,5.4930614433405491,7.9248125036057822,7.9248125036057804,0
"11,3",796,5,1078,5,5,5.4930614433405491,7.9248125036057822,7.9248125036057804,0
"11,3",797,5,214,4,5,4.3944491546724391,6.3398500028846252,7.9248125036057804,1
"11,3",798,5,342,5,5,5.4930614433405491,7.9248125036057822,7.9248125036057804,0
"11,3",799,5,598,5,5,5.4930614433405491,7.9248125036057822,7.9248125036057804,0
"11,3",800,5,1110,5,5,5.4930614433405491,7.9248125036057822,7.9248125036057804,0
"11,3",801,5,406,5,5,5.4930614433405491,7.9248125036057822,7.9248125036057804,0
"11,3",802,5,662,5,5,5.4930614433405491,7.9248125036057822,7.9248125036057804,0
"11,3",803,5,1174,5,5,5.4930614433405491,7.9248125036057822,7.9248125036057804,0
"11,3",804,5,790,5,5,5.4930614433405491,7.9248125036057822,7.9248125036057804,0
"11,3",805,5,1302,5,5,5.4930614433405491,7.9248125036057822,7.9248125036057804,0
"11,3",806,5,1558,5,5,5.4930614433405491,7.9248125036057822,7.9248125036057804,0
"11,3",807,5,230,5,5,5.4930614433405491,7.9248125036057822,7.9248125036057804,0
"11,3",808,5,358,5,5,5.4930614433405491,7.9248125036057822,7.9248125036057804,0
"11,3",809,5,614,5,5,5.4930614433405491,7.9248125036057822,7.9248125036057804,0
"11,3",810,5,1126,5,5,5.4930614433405491,7.9248125036057822,7.9248125036057804,0
"11,3",811,5,422,5,5,5.4930614433405491,7.9248125036057822,7.9248125036057804,0
"11,3",812,5,678,5,5,5.4930614433405491,7.9248125036057822,7.9248125036057804,0
"11,3",813,5,1190,5,5,5.4930614433405491,7.9248125036057822,7.9248125036057804,0
"11,3",814,5,806,5,5,5.4930614433405491,7.9248125036057822,7.9248125036057804,0
"11,3",815,5,1318,5,5,5.4930614433405491,7.9248125036057822,7.9248125036057804,0
"11,3",816,5,1574,5,5,5.4930614433405491,7.9248125036057822,7.9248125036057804,0
"11,3",817,5,454,5,5,5.4930614433405491,7.9248125036057822,7.9248125036057804,0
"11,3",818,5,710,5,5,5.4930614433405491,7.9248125036057822,7.9248125036057804,0
"11,3",819,5,1222,5,5,5.4930614433405491,7.9248125036057822,7.9248125036057804,0
"11,3",820,5,838,5,5,5.4930614433405491,7.9248125036057822,7.9248125036057804,0
"11,3",821,5,1350,5,5,5.4930614433405491,7.9248125036057822,7.9248125036057804,0
"11,3",822,5,1606,5,5,5.4930614433405491,7.9248125036057822,7.9248125036057804,0
"11,3",823,5,902,5,5,5.4930614433405491,7.9248125036057822,7.9248125036057804,0
"11,3",824,5,1414,5,5,5.4930614433405491,7.9248125036057822,7.9248125036057804,0
"11,3",825,5,1670,5,5,5.4930614433405491,7.9248125036057822,7.9248125036057804,0
"11,3",826,5,1798,5,5,5.4930614433405491,7.9248125036057822,7.9248125036057804,0
"11,3",827,5,122,5,5,5.4930614433405491,7.9248125036057822,7.9248125036057804,0
"11,3",828,5,186,5,5,5.4930614433405491,7.9248125036057822,7.9248125036057804,0
"11,3",829,5,314,5,5,5.4930614433405491,7.9248125036057822,7.9248125036057804,0
"11,3",830,5,570,5,5,5.4930614433405491,7.9248125036057822,7.9248125036057804,0
"11,3",831,5,1082,5,5,5.4930614433405491,7.9248125036057822,7.9248125036057804,0
"11,3",832,5,218,5,5,5.4930614433405491,7.9248125036057822,7.9248125036057804,0
"11,3",833,5,346,5,5,5.4930614433405491,7.9248125036057822,7.9248125036057804,0
"11,3",834,5,602,5,5,5.4930614433405491,7.9248125036057822,7.9248125036057804,0
"11,3",835,5,1114,5,5,5.4930614433405491,7.9248125036057822,7.9248125036057804,0
"11,3",836,5,410,5,5,5.4930614433405491,7.9248125036057822,7.9248125036057804,0
"11,3",837,5,666,5,5,5.4930614433405491,7.9248125036057822,7.9248125036057804,0
"11,3",838,5,1178,5,5,5.4930614433405491,7.9248125036057822,7.9248125036057804,0
"11,3",839,5,794,5,5,5.4930614433405491,7.9248125036057822,7.9248125036057804,0
"11,3",840,5,1306,4,5,4.3944491546724391,6.3398500028846252,7.9248125036057804,1
"11,3",841,5,1562,5,5,5.4930614433405491,7.9248125036057822,7.9248125036057804,0
"11,3",842,5,234,5,5,5.4930614433405491,7.9248125036057822,7.9248125036057804,0
"11,3",843,5,362,5,5,5.4930614433405491,7.9248125036057822,7.9248125036057804,0
"11,3",844,5,618,5,5,5.4930614433405491,7.9248125036057822,7.9248125036057804,0
"11,3",845,5,1130,5,5,5.4930614433405491,7.9248125036057822,7.9248125036057804,0
"11,3",846,5,426,4,5,4.3944491546724391,6.3398500028846252,7.9248125036057804,1
"11,3",847,5,682,5,5,5.4930614433405491,7.9248125036057822,7.9248125036057804,0
"11,3",848,5,1194,5,5,5.4930614433405491,7.9248125036057822,7.9248125036057804,0
"11,3",849,5,810,5,5,5.4930614433405491,7.9248125036057822,7.9248125036057804,0
"11,3",850,5,1322,5,5,5.4930614433405491,7.9248125036057822,7.9248125036057804,0
"11,3",851,5,1578,5,5,5.4930614433405491,7.9248125036057822,7.9248125036057804,0
"11,3",852,5,458,5,5,5.4930614433405491,7.9248125036057822,7.9248125036057804,0
"11,3",853,5,714,5,5,5.4930614433405491,7.9248125036057822,7.9248125036057804,0
"11,3",854,5,1226,5,5,5.4930614433405491,7.9248125036057822,7.9248125036057804,0
"11,3",855,5,842,5,5,5.4930614433405491,7.9248125036057822,7.9248125036057804,0
"11,3",856,5,1354,5,5,5.4930614433405491,7.9248125036057822,7.9248125036057804,0
"11,3",857,5,1610,5,5,5.4930614433405491,7.9248125036057822,7.9248125036057804,0
"11,3",858,5,906,5,5,5.4930614433405491,7.9248125036057822,7.9248125036057804,0
"11,3",859,5,1418,5,5,5.4930614433405491,7.9248125036057822,7.9248125036057804,0
"11,3",860,5,1674,5,5,5.4930614433405491,7.9248125036057822,7.9248125036057804,0
"11,3",861,5,1802,5,5,5.4930614433405491,7.9248125036057822,7.9248125036057804,0
"11,3",862,5,242,5,5,5.4930614433405491,7.9248125036057822,7.9248125036057804,0
"11,3",863,5,370,5,5,5.4930614433405491,7.9248125036057822,7.9248125036057804,0
"11,3",864,5,626,5,5,5.4930614433405491,7.9248125036057822,7.9248125036057804,0
"11,3",865,5,1138,5,5,5.4930614433405491,7.9248125036057822,7.9248125036057804,0
"11,3",866,5,434,5,5,5.4930614433405491,7.9248125036057822,7.9248125036057804,0
"11,3",867,5,690,5,5,5.4930614433405491,7.9248125036057822,7.9248125036057804,0
"11,3",868,5,1202,5,5,5.4930614433405491,7.9248125036057822,7.9248125036057804,0
"11,3",869,5,818,5,5,5.4930614433405491,7.9248125036057822,7.9248125036057804,0
"11,3",870,5,1330,5,5,5.4930614433405491,7.9248125036057822,7.9248125036057804,0
"11,3",871,5,1586,5,5,5.4930614433405491,7.9248125036057822,7.9248125036057804,0
"11,3",872,5,466,5,5,5.4930614433405491,7.9248125036057822,7.9248125036057804,0
"11,3",873,5,722,5,5,5.4930614433405491,7.9248125036057822,7.9248125036057804,0
"11,3",874,5,1234,5,5,5.4930614433405491,7.9248125036057822,7.9248125036057804,0
"11,3",875,5,850,5,5,5.4930614433405491,7.9248125036057822,7.9248125036057804,0
"11,3",876,5,1362,5,5,5.4930614433405491,7.9248125036057822,7.9248125036057804,0
"11,3",877,5,1618,5,5,5.4930614433405491,7.9248125036057822,7.9248125036057804,0
"11,3",878,5,914,5,5,5.4930614433405491,7.9248125036057822,7.9248125036057804,0
"11,3",879,5,1426,5,5,5.4930614433405491,7.9248125036057822,7.9248125036057804,0
"11,3",880,5,1682,5,5,5.4930614433405491,7.9248125036057822,7.9248125036057804,0
"11,3",881,5,1810,5,5,5.4930614433405491,7.9248125036057822,7.9248125036057804,0
"11,3",882,5,482,5,5,5.4930614433405491,7.9248125036057822,7.9248125036057804,0
"11,3",883,5,738,5,5,5.4930614433405491,7.9248125036057822,7.9248125036057804,0
"11,3",884,5,1250,5,5,5.4930614433405491,7.9248125036057822,7.9248125036057804,0
"11,3",885,5,866,5,5,5.4930614433405491,7.9248125036057822,7.9248125036057804,0
"11,3",886,5,1378,5,5,5.4930614433405491,7.9248125036057822,7.9248125036057804,0
"11,3",887,5,1634,5,5,5.4930614433405491,7.9248125036057822,7.9248125036057804,0
"11,3",888,5,930,5,5,5.4930614433405491,7.9248125036057822,7.9248125036057804,0
"11,3",889,5,1442,5,5,5.4930614433405491,7.9248125036057822,7.9248125036057804,0
"11,3",890,5,1698,5,5,5.4930614433405491,7.9248125036057822,7.9248125036057804,0
"11,3",891,5,1826,5,5,5.4930614433405491,7.9248125036057822,7.9248125036057804,0
"11,3",892,5,962,5,5,5.4930614433405491,7.9248125036057822,7.9248125036057804,0
"11,3",893,5,1474,5,5,5.4930614433405491,7.9248125036057822,7.9248125036057804,0
"11,3",894,5,1730,5,5,5.4930614433405491,7.9248125036057822,7.9248125036057804,0
"11,3",895,5,1858,5,5,5.4930614433405491,7.9248125036057822,7.9248125036057804,0
"11,3",896,5,1922,5,5,5.4930614433405491,7.9248125036057822,7.9248125036057804,0
"11,3",897,5,124,5,5,5.4930614433405491,7.9248125036057822,7.9248125036057804,0
"11,3",898,5,188,5,5,5.4930614433405491,7.9248125036057822,7.9248125036057804,0
"11,3",899,5,316,5,5,5.4930614433405491,7.9248125036057822,7.9248125036057804,0
"11,3",900,5,572,5,5,5.4930614433405491,7.9248125036057822,7.9248125036057804,0
"11,3",901,5,1084,5,5,5.4930614433405491,7.9248125036057822,7.9248125036057804,0
"11,3",902,5,220,5,5,5.4930614433405491,7.9248125036057822,7.9248125036057804,0
"11,3",903,5,348,5,5,5.4930614433405491,7.9248125036057822,7.9248125036057804,0
"11,3",904,5,604,5,5,5.4930614433405491,7.9248125036057822,7.9248125036057804,0
"11,3",905,5,1116,5,5,5.4930614433405491,7.9248125036057822,7.9248125036057804,0
"11,3",906,5,412,5,5,5.4930614433405491,7.9248125036057822,7.9248125036057804,0
"11,3",907,5,668,5,5,5.4930614433405491,7.9248125036057822,7.9248125036057804,0
"11,3",908,5,1180,5,5,5.4930614433405491,7.9248125036057822,7.9248125036057804,0
"11,3",909,5,796,5,5,5.4930614433405491,7.9248125036057822,7.9248125036057804,0
"11,3",910,5,1308,5,5,5.4930614433405491,7.9248125036057822,7.9248125036057804,0
"11,3",911,5,1564,5,5,5.4930614433405491,7.9248125036057822,7.9248125036057804,0
"11,3",912,5,236,5,5,5.4930614433405491,7.9248125036057822,7.9248125036057804,0
"11,3",913,5,364,5,5,5.4930614433405491,7.9248125036057822,7.9248125036057804,0
"11,3",914,5,620,5,5,5.4930614433405491,7.9248125036057822,7.9248125036057804,0
"11,3",915,5,1132,5,5,5.4930614433405491,7.9248125036057822,7.9248125036057804,0
"11,3",916,5,428,5,5,5.4930614433405491,7.9248125036057822,7.9248125036057804,0
"11,3",917,5,684,5,5,5.4930614433405491,7.9248125036057822,7.9248125036057804,0
"11,3",918,5,1196,5,5,5.4930614433405491,7.9248125036057822,7.9248125036057804,0
"11,3",919,5,812,5,5,5.4930614433405491,7.9248125036057822,7.9248125036057804,0
"11,3",920,5,1324,5,5,5.4930614433405491,7.9248125036057822,7.9248125036057804,0
"11,3",921,5,1580,5,5,5.4930614433405491,7.9248125036057822,7.9248125036057804,0
"11,3",922,5,460,5,5,5.4930614433405491,7.9248125036057822,7.9248125036057804,0
"11,3",923,5,716,5,5,5.4930614433405491,7.9248125036057822,7.9248125036057804,0
"11,3",924,5,1228,5,5,5.4930614433405491,7.9248125036057822,7.9248125036057804,0
"11,3",925,5,844,5,5,5.4930614433405491,7.9248125036057822,7.9248125036057804,0
"11,3",926,5,1356,5,5,5.4930614433405491,7.9248125036057822,7.9248125036057804,0
"11,3",927,5,1612,5,5,5.4930614433405491,7.9248125036057822,7.9248125036057804,0
"11,3",928,5,908,5,5,5.4930614433405491,7.9248125036057822,7.9248125036057804,0
"11,3",929,5,1420,5,5,5.4930614433405491,7.9248125036057822,7.9248125036057804,0
"11,3",930,5,1676,5,5,5.4930614433405491,7.9248125036057822,7.9248125036057804,0
"11,3",931,5,1804,5,5,5.4930614433405491,7.9248125036057822,7.9248125036057804,0
"11,3",932,5,244,5,5,5.4930614433405491,7.9248125036057822,7.9248125036057804,0
"11,3",933,5,372,5,5,5.4930614433405491,7.9248125036057822,7.9248125036057804,0
"11,3",934,5,628,5,5,5.4930614433405491,7.9248125036057822,7.9248125036057804,0
"11,3",935,5,1140,5,5,5.4930614433405491,7.9248125036057822,7.9248125036057804,0
"11,3",936,5,436,5,5,5.4930614433405491,7.9248125036057822,7.9248125036057804,0
"11,3",937,5,692,5,5,5.4930614433405491,7.9248125036057822,7.9248125036057804,0
"11,3",938,5,1204,5,5,5.4930614433405491,7.9248125036057822,7.9248125036057804,0
"11,3",939,5,820,5,5,5.4930614433405491,7.9248125036057822,7.9248125036057804,0
"11,3",940,5,1332,5,5,5.4930614433405491,7.9248125036057822,7.9248125036057804,0
"11,3",941,5,1588,5,5,5.4930614433405491,7.9248125036057822,7.9248125036057804,0
"11,3",942,5,468,5,5,5.4930614433405491,7.9248125036057822,7.9248125036057804,0
"11,3",943,5,724,5,5,5.4930614433405491,7.9248125036057822,7.9248125036057804,0
"11,3",944,5,1236,5,5,5.4930614433405491,7.9248125036057822,7.9248125036057804,0
"11,3",945,5,852,5,5,5.4930614433405491,7.9248125036057822,7.9248125036057804,0
"11,3",946,5,1364,5,5,5.4930614433405491,7.9248125036057822,7.9248125036057804,0
"11,3",947,5,1620,5,5,5.4930614433405491,7.9248125036057822,7.9248125036057804,0
"11,3",948,5,916,5,5,5.4930614433405491,7.9248125036057822,7.9248125036057804,0
"11,3",949,5,1428,5,5,5.4930614433405491,7.9248125036057822,7.9248125036057804,0
"11,3",950,5,1684,5,5,5.4930614433405491,7.9248125036057822,7.9248125036057804,0
"11,3",951,5,1812,5,5,5.4930614433405491,7.9248125036057822,7.9248125036057804,0
"11,3",952,5,484,5,5,5.4930614433405491,7.9248125036057822,7.9248125036057804,0
"11,3",953,5,740,5,5,5.4930614433405491,7.9248125036057822,7.9248125036057804,0
"11,3",954,5,1252,5,5,5.4930614433405491,7.9248125036057822,7.9248125036057804,0
"11,3",955,5,868,5,5,5.4930614433405491,7.9248125036057822,7.9248125036057804,0
"11,3",956,5,1380,5,5,5.4930614433405491,7.9248125036057822,7.9248125036057804,0
"11,3",957,5,1636,4,5,4.3944491546724391,6.3398500028846252,7.9248125036057804,1
"11,3",958,5,932,5,5,5.4930614433405491,7.9248125036057822,7.9248125036057804,0
"11,3",959,5,1444,5,5,5.4930614433405491,7.9248125036057822,7.9248125036057804,0
"11,3",960,5,1700,5,5,5.4930614433405491,7.9248125036057822,7.9248125036057804,0
"11,3",961,5,1828,5,5,5.4930614433405491,7.9248125036057822,7.9248125036057804,0
"11,3",962,5,964,5,5,5.4930614433405491,7.9248125036057822,7.9248125036057804,0
"11,3",963,5,1476,5,5,5.4930614433405491,7.9248125036057822,7.9248125036057804,0
"11,3",964,5,1732,5,5,5.4930614433405491,7.9248125036057822,7.9248125036057804,0
"11,3",965,5,1860,5,5,5.4930614433405491,7.9248125036057822,7.9248125036057804,0
"11,3",966,5,1924,5,5,5.4930614433405491,7.9248125036057822,7.9248125036057804,0
"11,3",967,5,248,5,5,5.4930614433405491,7.9248125036057822,7.9248125036057804,0
"11,3",968,5,376,5,5,5.4930614433405491,7.9248125036057822,7.9248125036057804,0
"11,3",969,5,632,5,5,5.4930614433405491,7.9248125036057822,7.9248125036057804,0
"11,3",970,5,1144,5,5,5.4930614433405491,7.9248125036057822,7.9248125036057804,0
"11,3",971,5,440,5,5,5.4930614433405491,7.9248125036057822,7.9248125036057804,0
"11,3",972,5,696,5,5,5.4930614433405491,7.9248125036057822,7.9248125036057804,0
"11,3",973,5,1208,5,5,5.4930614433405491,7.9248125036057822,7.9248125036057804,0
"11,3",974,5,824,5,5,5.4930614433405491,7.9248125036057822,7.9248125036057804,0
"11,3",975,5,1336,5,5,5.4930614433405491,7.9248125036057822,7.9248125036057804,0
"11,3",976,5,1592,5,5,5.4930614433405491,7.9248125036057822,7.9248125036057804,0
"11,3",977,5,472,5,5,5.4930614433405491,7.9248125036057822,7.9248125036057804,0
"11,3",978,5,728,5,5,5.4930614433405491,7.9248125036057822,7.9248125036057804,0
"11,3",979,5,1240,5,5,5.4930614433405491,7.9248125036057822,7.9248125036057804,0
"11,3",980,5,856,5,5,5.4930614433405491,7.9248125036057822,7.9248125036057804,0
"11,3",981,5,1368,5,5,5.4930614433405491,7.9248125036057822,7.9248125036057804,0
"11,3",982,5,1624,5,5,5.4930614433405491,7.9248125036057822,7.9248125036057804,0
"11,3",983,5,920,4,5,4.3944491546724391,6.3398500028846252,7.9248125036057804,1
"11,3",984,5,1432,5,5,5.4930614433405491,7.9248125036057822,7.9248125036057804,0
"11,3",985,5,1688,5,5,5.4930614433405491,7.9248125036057822,7.9248125036057804,0
"11,3",986,5,1816,5,5,5.4930614433405491,7.9248125036057822,7.9248125036057804,0
"11,3",987,5,488,5,5,5.4930614433405491,7.9248125036057822,7.9248125036057804,0
"11,3",988,5,744,5,5,5.4930614433405491,7.9248125036057822,7.9248125036057804,0
"11,3",989,5,1256,5,5,5.4930614433405491,7.9248125036057822,7.9248125036057804,0
"11,3",990,5,872,5,5,5.4930614433405491,7.9248125036057822,7.9248125036057804,0
"11,3",991,5,1384,5,5,5.4930614433405491,7.9248125036057822,7.9248125036057804,0
"11,3",992,5,1640,5,5,5.4930614433405491,7.9248125036057822,7.9248125036057804,0
"11,3",993,5,936,5,5,5.4930614433405491,7.9248125036057822,7.9248125036057804,0
"11,3",994,5,1448,5,5,5.4930614433405491,7.9248125036057822,7.9248125036057804,0
"11,3",995,5,1704,5,5,5.4930614433405491,7.9248125036057822,7.9248125036057804,0
"11,3",996,5,1832,5,5,5.4930614433405491,7.9248125036057822,7.9248125036057804,0
"11,3",997,5,968,5,5,5.4930614433405491,7.9248125036057822,7.9248125036057804,0
"11,3",998,5,1480,5,5,5.4930614433405491,7.9248125036057822,7.9248125036057804,0
"11,3",999,5,1736,5,5,5.4930614433405491,7.9248125036057822,7.9248125036057804,0
"11,3",1000,5,1864,5,5,5.4930614433405491,7.9248125036057822,7.9248125036057804,0
"11,3",1001,5,1928,5,5,5.4930614433405491,7.9248125036057822,7.9248125036057804,0
"11,3",1002,5,496,5,5,5.4930614433405491,7.9248125036057822,7.9248125036057804,0
"11,3",1003,5,752,5,5,5.4930614433405491,7.9248125036057822,7.9248125036057804,0
"11,3",1004,5,1264,5,5,5.4930614433405491,7.9248125036057822,7.9248125036057804,0
"11,3",1005,5,880,5,5,5.4930614433405491,7.9248125036057822,7.9248125036057804,0
"11,3",1006,5,1392,5,5,5.4930614433405491,7.9248125036057822,7.9248125036057804,0
"11,3",1007,5,1648,5,5,5.4930614433405491,7.9248125036057822,7.9248125036057804,0
"11,3",1008,5,944,5,5,5.4930614433405491,7.9248125036057822,7.9248125036057804,0
"11,3",1009,5,1456,5,5,5.4930614433405491,7.9248125036057822,7.9248125036057804,0
"11,3",1010,5,1712,5,5,5.4930614433405491,7.9248125036057822,7.9248125036057804,0
"11,3",1011,5,1840,5,5,5.4930614433405491,7.9248125036057822,7.9248125036057804,0
"11,3",1012,5,976,5,5,5.4930614433405491,7.9248125036057822,7.9248125036057804,0
"11,3",1013,5,1488,5,5,5.4930614433405491,7.9248125036057822,7.9248125036057804,0
"11,3",1014,5,1744,5,5,5.4930614433405491,7.9248125036057822,7.9248125036057804,0
"11,3",1015,5,1872,5,5,5.4930614433405491,7.9248125036057822,7.9248125036057804,0
"11,3",1016,5,1936,5,5,5.4930614433405491,7.9248125036057822,7.9248125036057804,0
"11,3",1017,5,992,5,5,5.4930614433405491,7.9248125036057822,7.9248125036057804,0
"11,3",1018,5,1504,5,5,5.4930614433405491,7.9248125036057822,7.9248125036057804,0
"11,3",1019,5,1760,5,5,5.4930614433405491,7.9248125036057822,7.9248125036057804,0
"11,3",1020,5,1888,5,5,5.4930614433405491,7.9248125036057822,7.9248125036057804,0
"11,3",1021,5,1952,5,5,5.4930614433405491,7.9248125036057822,7.9248125036057804,0
"11,3",1022,5,1984,5,5,5.4930614433405491,7.9248125036057822,7.9248125036057804,0
