N,d,seed,proposals,joint_cost,recombined_cost,binary_cost,ternary_cost,gain,search_seconds
10,6,1000,2000,200,200,142,58,0,0.046666667
10,6,1001,2000,200,200,142,58,0,0.040940541
10,6,1002,2000,196,196,142,54,0,0.039049208
10,6,1003,2000,203,203,142,61,0,0.045500125
10,6,1004,2000,207,206,142,64,1,0.038502125
10,6,1005,2000,200,200,142,58,0,0.038311792
10,6,1006,2000,200,200,142,58,0,0.039194625
10,6,1007,2000,200,200,142,58,0,0.038556417
10,6,1008,2000,200,200,142,58,0,0.0445705
10,6,1009,2000,206,206,142,64,0,0.037606875
10,6,1010,2000,206,206,142,64,0,0.04468125
10,6,1011,2000,200,200,142,58,0,0.038933875
10,6,1012,2000,200,200,142,58,0,0.039777292
10,6,1013,2000,196,196,142,54,0,0.044390541
10,6,1014,2000,198,196,142,54,2,0.062197958
10,6,1015,2000,203,203,142,61,0,0.046668125
10,6,1016,2000,202,200,142,58,2,0.038810875
10,6,1017,2000,200,200,142,58,0,0.038356125
10,6,1018,2000,206,206,142,64,0,0.050207708
10,6,1019,2000,196,196,142,54,0,0.043888
10,6,1020,2000,192,190,142,48,2,0.038844666
10,6,1021,2000,206,206,142,64,0,0.038744125
10,6,1022,2000,196,196,142,54,0,0.038174583
10,6,1023,2000,200,200,142,58,0,0.046260041
10,6,1024,2000,197,197,142,55,0,0.045862834
10,6,1025,2000,207,207,142,65,0,0.039265625
10,6,1026,2000,203,203,142,61,0,0.037603333
10,6,1027,2000,198,196,142,54,2,0.045453333
10,6,1028,2000,207,207,142,65,0,0.03847175
10,6,1029,2000,200,200,142,58,0,0.04575125
10,6,1030,2000,194,190,142,48,4,0.037846333
10,6,1031,2000,196,196,142,54,0,0.038231292
10,6,1032,2000,200,200,142,58,0,0.038066
10,6,1033,2000,200,200,142,58,0,0.064803625
10,6,1034,2000,202,200,142,58,2,0.038572541
10,6,1035,2000,197,197,142,55,0,0.038352583
10,6,1036,2000,204,202,142,60,2,0.04492675
10,6,1037,2000,206,206,142,64,0,0.038262083
10,6,1038,2000,206,206,142,64,0,0.044947042
10,6,1039,2000,206,206,142,64,0,0.038123667
10,6,1040,2000,197,197,142,55,0,0.038231541
10,6,1041,2000,190,190,142,48,0,0.046488125
10,6,1042,2000,200,200,142,58,0,0.038028208
10,6,1043,2000,206,206,142,64,0,0.03991675
10,6,1044,2000,203,200,142,58,3,0.038739083
10,6,1045,2000,206,206,142,64,0,0.045149083
10,6,1046,2000,196,196,142,54,0,0.038491041
10,6,1047,2000,206,206,142,64,0,0.038275333
10,6,1048,2000,203,203,142,61,0,0.046850916
10,6,1049,2000,206,206,142,64,0,0.038342791
11,6,1000,2000,80,80,66,14,0,0.065536042
11,6,1001,2000,87,87,66,21,0,0.065672458
11,6,1002,2000,91,87,66,21,4,0.086749958
11,6,1003,2000,101,101,80,21,0,0.091585209
11,6,1004,2000,101,101,80,21,0,0.094058959
11,6,1005,2000,92,87,66,21,5,0.06608525
11,6,1006,2000,85,85,66,19,0,0.065786667
11,6,1007,2000,116,115,94,21,1,0.06547725
11,6,1008,2000,92,89,66,23,3,0.090667
11,6,1009,2000,91,90,66,24,1,0.068141084
11,6,1010,2000,104,104,80,24,0,0.092602417
11,6,1011,2000,86,86,66,20,0,0.066156625
11,6,1012,2000,86,86,66,20,0,0.089900083
11,6,1013,2000,89,89,66,23,0,0.089991459
11,6,1014,2000,99,99,80,19,0,0.066165875
11,6,1015,2000,89,89,66,23,0,0.065964459
11,6,1016,2000,107,102,80,22,5,0.065946209
11,6,1017,2000,88,88,66,22,0,0.091241791
11,6,1018,2000,93,93,66,27,0,0.097342792
11,6,1019,2000,88,88,66,22,0,0.065826459
11,6,1020,2000,88,88,66,22,0,0.0904955
11,6,1021,2000,87,87,66,21,0,0.066637208
11,6,1022,2000,85,85,66,19,0,0.086016583
11,6,1023,2000,99,99,80,19,0,0.08923875
11,6,1024,2000,86,85,66,19,1,0.098180334
11,6,1025,2000,113,113,94,19,0,0.093142125
11,6,1026,2000,88,88,66,22,0,0.066832833
11,6,1027,2000,107,103,80,23,4,0.067638875
11,6,1028,2000,95,89,66,23,6,0.065380833
11,6,1029,2000,85,85,66,19,0,0.095714542
11,6,1030,2000,117,117,94,23,0,0.066586458
11,6,1031,2000,91,87,66,21,4,0.095337
11,6,1032,2000,99,99,80,19,0,0.067101917
11,6,1033,2000,88,87,66,21,1,0.0931905
11,6,1034,2000,86,86,66,20,0,0.064901667
11,6,1035,2000,91,91,66,25,0,0.0664415
11,6,1036,2000,109,103,80,23,6,0.092187834
11,6,1037,2000,109,102,80,22,7,0.06624175
11,6,1038,2000,91,87,66,21,4,0.067776584
11,6,1039,2000,89,89,66,23,0,0.093236917
11,6,1040,2000,104,101,80,21,3,0.091347209
11,6,1041,2000,106,101,80,21,5,0.066098
11,6,1042,2000,107,104,80,24,3,0.0663595
11,6,1043,2000,102,102,80,22,0,0.066243542
11,6,1044,2000,99,99,80,19,0,0.091261166
11,6,1045,2000,87,87,66,21,0,0.066435167
11,6,1046,2000,102,102,80,22,0,0.066358583
11,6,1047,2000,92,87,66,21,5,0.090460166
11,6,1048,2000,85,85,66,19,0,0.090341208
11,6,1049,2000,101,101,80,21,0,0.088202625
12,6,1000,2000,865,865,581,284,0,0.293741291
12,6,1001,2000,869,869,588,281,0,0.302388542
12,6,1002,2000,874,869,585,284,5,0.296972125
12,6,1003,2000,839,839,550,289,0,0.293875958
12,6,1004,2000,890,875,594,281,15,0.297604917
12,6,1005,2000,827,827,546,281,0,0.296677209
12,6,1006,2000,791,791,507,284,0,0.296039083
12,6,1007,2000,869,835,558,277,34,0.302590375
12,6,1008,2000,848,820,550,270,28,0.29901575
12,6,1009,2000,883,872,588,284,11,0.297882084
12,6,1010,2000,929,897,594,303,32,0.288834208
12,6,1011,2000,878,872,590,282,6,0.305794958
12,6,1012,2000,891,891,596,295,0,0.274984625
12,6,1013,2000,865,857,588,269,8,0.290428541
12,6,1014,2000,891,880,596,284,11,0.2547915
12,6,1015,2000,839,834,581,253,5,0.27821975
12,6,1016,2000,901,872,588,284,29,0.293971584
12,6,1017,2000,878,878,581,297,0,0.28814875
12,6,1018,2000,822,805,515,290,17,0.292621208
12,6,1019,2000,899,890,588,302,9,0.299117166
12,6,1020,2000,851,820,546,274,31,0.300012541
12,6,1021,2000,871,871,581,290,0,0.281612042
12,6,1022,2000,857,857,588,269,0,0.293724542
12,6,1023,2000,865,855,588,267,10,0.280143125
12,6,1024,2000,879,870,581,289,9,0.269764042
12,6,1025,2000,848,837,546,291,11,0.299962291
12,6,1026,2000,883,883,592,291,0,0.292356875
12,6,1027,2000,870,870,586,284,0,0.287816125
12,6,1028,2000,865,859,590,269,6,0.298670833
12,6,1029,2000,881,876,585,291,5,0.300263167
12,6,1030,2000,873,873,590,283,0,0.301135709
12,6,1031,2000,867,865,588,277,2,0.292271958
12,6,1032,2000,891,891,588,303,0,0.282557292
12,6,1033,2000,874,872,588,284,2,0.304184416
12,6,1034,2000,872,865,581,284,7,0.271883291
12,6,1035,2000,873,860,590,270,13,0.298496708
12,6,1036,2000,873,867,590,277,6,0.296083459
12,6,1037,2000,879,879,589,290,0,0.279311167
12,6,1038,2000,855,855,588,267,0,0.306859875
12,6,1039,2000,884,862,585,277,22,0.279895
12,6,1040,2000,863,856,581,275,7,0.307537375
12,6,1041,2000,824,796,519,277,28,0.300465042
12,6,1042,2000,867,834,546,288,33,0.300429666
12,6,1043,2000,871,867,590,277,4,0.297746542
12,6,1044,2000,877,877,594,283,0,0.299215542
12,6,1045,2000,886,879,589,290,7,0.293626917
12,6,1046,2000,791,777,507,270,14,0.258131083
12,6,1047,2000,909,895,620,275,14,0.299945875
12,6,1048,2000,833,826,558,268,7,0.298847417
12,6,1049,2000,900,877,593,284,23,0.299401041
